"event","name","country","medal","day","win","sport","gender","type"
"Men's 100M - T11","ABDUL HALIM DALIMUNTE","Indonesia","Gold",2,1,"Athletics","Men","Singles"
"Men's 100M - T11","JORCHUY KITSANA","Thailand","Silver",2,1,"Athletics","Men","Singles"
"Men's 100M - T11","SUNOTO","Indonesia","Bronze",2,1,"Athletics","Men","Singles"
"Men's 100M - T12","MOHAMAD FAIZAL AIDEAL BIN SUHAIMI","Malaysia","Gold",2,1,"Athletics","Men","Singles"
"Men's 100M - T12","MOHAMAD SAIFUDDIN BIN ISHAK","Malaysia","Silver",2,1,"Athletics","Men","Singles"
"Men's 100M - T12","MUHAMAD AFIQ BIN MOHAMAD ALI HANAFIAH","Malaysia","Bronze",2,1,"Athletics","Men","Singles"
"Men's 100M - T37","LE VAN MANH","Vietnam","Gold",2,1,"Athletics","Men","Singles"
"Men's 100M - T37","SAEWANG SAKPHET","Thailand","Silver",2,1,"Athletics","Men","Singles"
"Men's 100M - T37","TAON CHAIRAT","Thailand","Bronze",2,1,"Athletics","Men","Singles"
"Men's 100M - T38","KRISHNA KUMAR HARI DAS","Malaysia","Gold",2,1,"Athletics","Men","Singles"
"Men's 100M - T38","SUYONO","Indonesia","Silver",2,1,"Athletics","Men","Singles"
"Men's 100M - T38","AMIR FIRDAUSS BIN JAMALUDDIN","Malaysia","Bronze",2,1,"Athletics","Men","Singles"
"Men's 100M - T54","KONJEN  SAICHON","Thailand","Gold",2,1,"Athletics","Men","Singles"
"Men's 100M - T54","JAENAL ARIPIN","Indonesia","Silver",2,1,"Athletics","Men","Singles"
"Men's 100M - T54","VAN VUN","Cambodia","Bronze",2,1,"Athletics","Men","Singles"
"Men's 200M - T36","MOHAMAD RIDZUAN BIN MOHAMAD PUZI","Malaysia","Gold",2,1,"Athletics","Men","Singles"
"Men's 200M - T36","MUHAMAD AGUNG LAKSANA","Indonesia","Silver",2,1,"Athletics","Men","Singles"
"Men's 800M - T52/53","PAEYO  PONGSAKORN","Thailand","Gold",2,1,"Athletics","Men","Singles"
"Men's 800M - T52/53","KRUNGGET  PICHET","Thailand","Silver",2,1,"Athletics","Men","Singles"
"Men's 800M - T52/53","INTASEN  SOPA","Thailand","Bronze",2,1,"Athletics","Men","Singles"
"Men's Javelin Throw - F44","YOHANIS BILI","Indonesia","Gold",2,1,"Athletics","Men","Singles"
"Men's Javelin Throw - F44","PHAN VAN DUNG","Vietnam","Silver",2,1,"Athletics","Men","Singles"
"Men's Javelin Throw - F44","SAN MHWE","Myanmar","Bronze",2,1,"Athletics","Men","Singles"
"Men's Javelin Throw - F54/55","SAHRI BIN HJ JUMAAT","Brunei Darussalam","Gold",2,1,"Athletics","Men","Singles"
"Men's Javelin Throw - F54/55","RIYADI NUGRAHA SAPUTRA UTAMA","Indonesia","Silver",2,1,"Athletics","Men","Singles"
"Men's Javelin Throw - F54/55","JOEL ADEGUE BALATUCAN","Philippines","Bronze",2,1,"Athletics","Men","Singles"
"Men's Javelin Throw - F56/57","CAO NGOC HUNG","Vietnam","Gold",2,1,"Athletics","Men","Singles"
"Men's Javelin Throw - F56/57","YIMBANCHANG SAKCHAI","Thailand","Silver",2,1,"Athletics","Men","Singles"
"Men's Javelin Throw - F56/57","ALAN SASTRA","Indonesia","Bronze",2,1,"Athletics","Men","Singles"
"Men's Long Jump - F45/46/47","SETIYO BUDIHARTANTO","Indonesia","Gold",2,1,"Athletics","Men","Singles"
"Men's Long Jump - F45/46/47","SIRIMONGKHOL CHAIWAT","Thailand","Silver",2,1,"Athletics","Men","Singles"
"Men's Long Jump - F45/46/47","ERYANTO BIN BAHTIAR","Malaysia","Bronze",2,1,"Athletics","Men","Singles"
"Men's Shot Put - F11/12","BOONSRI PHICHAI","Thailand","Gold",2,1,"Athletics","Men","Singles"
"Men's Shot Put - F11/12","MOHAMAD FIRDAUS BIN NGATIMAN","Malaysia","Silver",2,1,"Athletics","Men","Singles"
"Men's Shot Put - F11/12","WONGNGOEN ARNON","Thailand","Bronze",2,1,"Athletics","Men","Singles"
"Men's Shot Put - F42/43","SUTARNO","Indonesia","Gold",2,1,"Athletics","Men","Singles"
"Men's Shot Put - F42/43","MYO MIN OO","Myanmar","Silver",2,1,"Athletics","Men","Singles"
"Men's Shot Put - F42/43","VUONG CHAU","Vietnam","Bronze",2,1,"Athletics","Men","Singles"
"Men's Shot Put - F46","HISAM BIN CHE SOH","Malaysia","Gold",2,1,"Athletics","Men","Singles"
"Men's Shot Put - F46","PRIYANO","Indonesia","Silver",2,1,"Athletics","Men","Singles"
"Men's Shot Put - F46","AUNG PHONE MYAT","Myanmar","Bronze",2,1,"Athletics","Men","Singles"
"Women's 100M - T11","WANNARUEMON KEWALIN","Thailand","Gold",2,1,"Athletics","Women","Singles"
"Women's 100M - T11","THONGSING RATCHANIPHON","Thailand","Silver",2,1,"Athletics","Women","Singles"
"Women's 100M - T11","RIANGRAIWILATKHEEREE SIRIRAT","Thailand","Bronze",2,1,"Athletics","Women","Singles"
"Women's 100M - T13","FELICIA BINTI MIKAT","Malaysia","Gold",2,1,"Athletics","Women","Singles"
"Women's 100M - T13","AN NUR HAIYYU BTE MD YUSSOF","Brunei Darussalam","Silver",2,1,"Athletics","Women","Singles"
"Women's 100M - T13","DONG THI HAI YEN","Vietnam","Bronze",2,1,"Athletics","Women","Singles"
"Women's 100M - T36/38","PHUMCHAN PHONSUDA","Thailand","Gold",2,1,"Athletics","Women","Singles"
"Women's 100M - T36/38","INSAN NURHAIDA","Indonesia","Silver",2,1,"Athletics","Women","Singles"
"Women's 100M - T36/38","LUYUE SUPHATSARA","Thailand","Bronze",2,1,"Athletics","Women","Singles"
"Women's 200M - T43/44","NGUYEN THI THUY","Vietnam","Gold",2,1,"Athletics","Women","Singles"
"Women's 200M - T43/44","THIN SENG HON","Cambodia","Silver",2,1,"Athletics","Women","Singles"
"Women's 200M - T43/44","LAI THI NGOC ANH","Vietnam","Bronze",2,1,"Athletics","Women","Singles"
"Women's 200M - T45/46/47","NANDA MEI SHOLIHAH","Indonesia","Gold",2,1,"Athletics","Women","Singles"
"Women's 200M - T45/46/47","GAGUN PAGJIRAPORN","Thailand","Silver",2,1,"Athletics","Women","Singles"
"Women's 200M - T45/46/47","NANDAR LIN","Myanmar","Bronze",2,1,"Athletics","Women","Singles"
"Women's 800M - T53/54","SEKRATOK  PRANAYA","Thailand","Gold",2,1,"Athletics","Women","Singles"
"Women's 800M - T53/54","SRITONG  CHAINET","Thailand","Silver",2,1,"Athletics","Women","Singles"
"Women's 800M - T53/54","CHATYOTSAKORN  TPAT","Thailand","Bronze",2,1,"Athletics","Women","Singles"
"Women's Long Jump - F20","RICA OKTAVIA","Indonesia","Gold",2,1,"Athletics","Women","Singles"
"Women's Long Jump - F20","SITI NOOR RADIAH BINTI ISMAIL","Malaysia","Silver",2,1,"Athletics","Women","Singles"
"Women's Long Jump - F20","SITI NOORIASAH BINTI MOHAMAD ARIFFIN","Malaysia","Bronze",2,1,"Athletics","Women","Singles"
"Women's Long Jump - F44","LAI THI NGOC ANH","Vietnam","Gold",2,1,"Athletics","Women","Singles"
"Women's Long Jump - F44","INGINN KHIN","Myanmar","Silver",2,1,"Athletics","Women","Singles"
"Women's Long Jump - F44","NGUYEN THI THUY","Vietnam","Bronze",2,1,"Athletics","Women","Singles"
"Men's Team","","Indonesia","Gold",2,1,"Badminton","Men","Team"
"Men's Team","","Malaysia","Silver",2,1,"Badminton","Men","Team"
"Men's Team","","Thailand","Bronze",2,1,"Badminton","Men","Team"
"Men's Team","","Vietnam","Bronze",2,1,"Badminton","Men","Team"
"P1 10m Air Pistol Men SH1","BORDIN  SORNSRIWICHAI","Thailand","Gold",2,1,"Shooting","Men","Singles"
"P1 10m Air Pistol Men SH1","LOGARAJ SO RAJU","Singapore","Silver",2,1,"Shooting","Men","Singles"
"P1 10m Air Pistol Men SH1","ZULKIFLI","Indonesia","Bronze",2,1,"Shooting","Men","Singles"
"R1 10m Air Rifle Standing Men SH1","PHIRAPHONG  BUENGBOK","Thailand","Gold",2,1,"Shooting","Men","Singles"
"R1 10m Air Rifle Standing Men SH1","RITCHIE CHAN JUN RONG","Singapore","Silver",2,1,"Shooting","Men","Singles"
"R1 10m Air Rifle Standing Men SH1","MALA SIHABANDIT","Thailand","Bronze",2,1,"Shooting","Men","Singles"
"Men's 100M Breaststroke - SB11","PANOM LAGSANAPRIM","Thailand","Gold",2,1,"Swimming","Men","Singles"
"Men's 100M Breaststroke - SB11","KRITAPHAT WITIDKASEMROT","Thailand","Silver",2,1,"Swimming","Men","Singles"
"Men's 100M Breaststroke - SB11","PHAM ANH TU","Vietnam","Bronze",2,1,"Swimming","Men","Singles"
"Men's 100M Breaststroke - SB13","MARINUS MELIANUS YOWEI","Indonesia","Gold",2,1,"Swimming","Men","Singles"
"Men's 100M Breaststroke - SB13","JULIUS ANAK JARANDING","Malaysia","Silver",2,1,"Swimming","Men","Singles"
"Men's 100M Breaststroke - SB13","CHAIPORN LAOBENG","Thailand","Bronze",2,1,"Swimming","Men","Singles"
"Men's 100M Breaststroke - SB14","HAN LIANG CHOU","Singapore","Gold",2,1,"Swimming","Men","Singles"
"Men's 100M Breaststroke - SB14","YOONG CHUNG WEI","Malaysia","Silver",2,1,"Swimming","Men","Singles"
"Men's 100M Breaststroke - SB14","TAY WEI SIANG LAWRENCE","Singapore","Bronze",2,1,"Swimming","Men","Singles"
"Men's 100M Breaststroke - SB4","NGUYEN THANH TRUNG","Vietnam","Gold",2,1,"Swimming","Men","Singles"
"Men's 100M Breaststroke - SB4","VORAVIT KAEWKHAM","Thailand","Silver",2,1,"Swimming","Men","Singles"
"Men's 100M Breaststroke - SB4","YE TUN","Myanmar","Bronze",2,1,"Swimming","Men","Singles"
"Men's 100M Breaststroke - SB5","DO THANH HAI","Vietnam","Gold",2,1,"Swimming","Men","Singles"
"Men's 100M Breaststroke - SB5","LY HUYNH","Vietnam","Silver",2,1,"Swimming","Men","Singles"
"Men's 100M Breaststroke - SB5","TAWEESOOK SAMUKSANEETO","Thailand","Bronze",2,1,"Swimming","Men","Singles"
"Men's 100M Breaststroke - SB6","LE TIEN DAT","Vietnam","Gold",2,1,"Swimming","Men","Singles"
"Men's 100M Breaststroke - SB6","YONGYOOT TABTHONG","Thailand","Silver",2,1,"Swimming","Men","Singles"
"Men's 100M Breaststroke - SB6","SURIANSYAH","Indonesia","Bronze",2,1,"Swimming","Men","Singles"
"Men's 100M Breaststroke - SB7","AUNG NYEIN OO","Myanmar","Gold",2,1,"Swimming","Men","Singles"
"Men's 100M Breaststroke - SB7","TIN MYO","Myanmar","Silver",2,1,"Swimming","Men","Singles"
"Men's 100M Breaststroke - SB7","ARIS WIBAWA","Indonesia","Bronze",2,1,"Swimming","Men","Singles"
"Men's 100M Breaststroke - SB8","GUNTUR","Indonesia","Gold",2,1,"Swimming","Men","Singles"
"Men's 100M Breaststroke - SB8","NGUYEN QUANG VUONG","Vietnam","Silver",2,1,"Swimming","Men","Singles"
"Men's 100M Breaststroke - SB8","JENDI PANGABEAN","Indonesia","Bronze",2,1,"Swimming","Men","Singles"
"Men's 100M Breaststroke - SB9","AUNG PHONE","Myanmar","Gold",2,1,"Swimming","Men","Singles"
"Men's 100M Breaststroke - SB9","JUMRI","Indonesia","Silver",2,1,"Swimming","Men","Singles"
"Men's 100M Breaststroke - SB9","BUDIMAN SETIAWAN YOWEI","Indonesia","Bronze",2,1,"Swimming","Men","Singles"
"Men's 100M Freestyle - S5 (S4-S5)","VO THANH TUNG","Vietnam","Gold",2,1,"Swimming","Men","Singles"
"Men's 100M Freestyle - S5 (S4-S5)","JAMERY ANAK SIGA","Malaysia","Silver",2,1,"Swimming","Men","Singles"
"Men's 100M Freestyle - S5 (S4-S5)","VORAVIT KAEWKHAM","Thailand","Bronze",2,1,"Swimming","Men","Singles"
"Men's 100M Freestyle - S6","AGUS NGAIMIN","Indonesia","Gold",2,1,"Swimming","Men","Singles"
"Men's 100M Freestyle - S6","AUNG MYINT MYAT","Myanmar","Silver",2,1,"Swimming","Men","Singles"
"Men's 100M Freestyle - S6","DO THANH HAI","Vietnam","Bronze",2,1,"Swimming","Men","Singles"
"Men's 100M Freestyle - S7","KAWEEWAT SITTICHAIPHONNITI","Thailand","Gold",2,1,"Swimming","Men","Singles"
"Men's 100M Freestyle - S7","SURIANSYAH","Indonesia","Silver",2,1,"Swimming","Men","Singles"
"Men's 100M Freestyle - S7","CHANNI WONGNONTHAPHUM","Thailand","Bronze",2,1,"Swimming","Men","Singles"
"Men's 100M Freestyle - S8","TOH WEI SOONG","Singapore","Gold",2,1,"Swimming","Men","Singles"
"Men's 100M Freestyle - S8","ERNIE AGAT GAWILAN","Philippines","Silver",2,1,"Swimming","Men","Singles"
"Men's 100M Freestyle - S8","GUNTUR","Indonesia","Bronze",2,1,"Swimming","Men","Singles"
"Men's 4x100M Freestyle Relay - 34 points","","Indonesia","Gold",2,1,"Swimming","Men","Team"
"Men's 4x100M Freestyle Relay - 34 points","","Vietnam","Silver",2,1,"Swimming","Men","Team"
"Men's 4x100M Freestyle Relay - 34 points","","Thailand","Bronze",2,1,"Swimming","Men","Team"
"Women's 100M Breaststroke - SB4","GOH RUI SI THERESA","Singapore","Gold",2,1,"Swimming","Women","Singles"
"Women's 100M Breaststroke - SB4","DANH THI MY THANH","Vietnam","Silver",2,1,"Swimming","Women","Singles"
"Women's 100M Breaststroke - SB4","PORNPIMON SUTTHICHITTANON","Thailand","Bronze",2,1,"Swimming","Women","Singles"
"Women's 100M Breaststroke - SB6 (SB5-SB6)","TRINH THI BICH NHU","Vietnam","Gold",2,1,"Swimming","Women","Singles"
"Women's 100M Breaststroke - SB6 (SB5-SB6)","VI THI HANG","Vietnam","Silver",2,1,"Swimming","Women","Singles"
"Women's 100M Breaststroke - SB6 (SB5-SB6)","DU THI LAN","Vietnam","Bronze",2,1,"Swimming","Women","Singles"
"Women's 100M Breaststroke - SB8 (SB7-SB8)","MAY HTOO MON","Myanmar","Gold",2,1,"Swimming","Women","Singles"
"Women's 100M Breaststroke - SB8 (SB7-SB8)","THIN THIN KHAING","Myanmar","Gold",2,1,"Swimming","Women","Singles"
"Women's 100M Breaststroke - SB8 (SB7-SB8)","HUYNH THI KIM HOANG","Vietnam","Silver",2,1,"Swimming","Women","Singles"
"Women's 100M Breaststroke - SB8 (SB7-SB8)","GUSMALAYANTI","Indonesia","Silver",2,1,"Swimming","Women","Singles"
"Women's 100M Breaststroke - SB8 (SB7-SB8)","LIM CARMEN","Malaysia","Bronze",2,1,"Swimming","Women","Singles"
"Women's 100M Breaststroke - SB8 (SB7-SB8)","THONGBAI CHAISAWAS","Thailand","Bronze",2,1,"Swimming","Women","Singles"
"Women's 100M Breaststroke - SB9","ANCHAYA KETKEAW","Thailand","Gold",2,1,"Swimming","Women","Singles"
"Women's 100M Breaststroke - SB9","SAPIA RUMBARU","Indonesia","Silver",2,1,"Swimming","Women","Singles"
"Women's 100M Breaststroke - SB9","LE THI TRAM","Vietnam","Bronze",2,1,"Swimming","Women","Singles"
"Women's 100M Freestyle - S5 (S1-S5)","GOH RUI SI THERESA","Singapore","Gold",2,1,"Swimming","Women","Singles"
"Women's 100M Freestyle - S5 (S1-S5)","YIP PIN XIU","Singapore","Silver",2,1,"Swimming","Women","Singles"
"Women's 100M Freestyle - S5 (S1-S5)","DANH THI MY THANH","Vietnam","Bronze",2,1,"Swimming","Women","Singles"
"Women's 100M Freestyle - S8 (S6-S8)","THONGBAI CHAISAWAS","Thailand","Gold",2,1,"Swimming","Women","Singles"
"Women's 100M Freestyle - S8 (S6-S8)","VI THI HANG","Vietnam","Silver",2,1,"Swimming","Women","Singles"
"Women's 100M Freestyle - S8 (S6-S8)","TRINH THI BICH NHU","Vietnam","Bronze",2,1,"Swimming","Women","Singles"
"Women's 100M Freestyle - S9","ANCHAYA KETKEAW","Thailand","Gold",2,1,"Swimming","Women","Singles"
"Women's 100M Freestyle - S9","SURERUT KOMKEAW","Thailand","Silver",2,1,"Swimming","Women","Singles"
"Women's 100M Freestyle - S9","LE THI DUNG","Vietnam","Bronze",2,1,"Swimming","Women","Singles"
"Women's Team - Class 7-9","","Thailand","Gold",2,1,"Table Tennis","Women","Team"
"Women's Team - Class 7-9","","Indonesia","Silver",2,1,"Table Tennis","Women","Team"
"Mixed Singles - TPB 1","AZUAN BIN AMIR HASSAN","Malaysia","Gold",2,1,"Tenpin Bowling","Mixed","Singles"
"Mixed Singles - TPB 1","KRISADA  KIETKONGTAWEE","Thailand","Silver",2,1,"Tenpin Bowling","Mixed","Singles"
"Mixed Singles - TPB 1","MUHAMAD HAIRUL BIN MIRAN","Malaysia","Bronze",2,1,"Tenpin Bowling","Mixed","Singles"
"Mixed Singles - TPB 10","SAMSUDIN BIN HASSAN","Malaysia","Gold",2,1,"Tenpin Bowling","Mixed","Singles"
"Mixed Singles - TPB 10","KIM IAN TAN CHI","Philippines","Silver",2,1,"Tenpin Bowling","Mixed","Singles"
"Mixed Singles - TPB 10","FIRMANSYAH","Indonesia","Bronze",2,1,"Tenpin Bowling","Mixed","Singles"
"Mixed Singles - TPB 2","CHOO KAM CHAN","Malaysia","Gold",2,1,"Tenpin Bowling","Mixed","Singles"
"Mixed Singles - TPB 2","MUHAMAD SUHAILI BIN AB HAMID","Malaysia","Silver",2,1,"Tenpin Bowling","Mixed","Singles"
"Mixed Singles - TPB 2","SAIDIN BIN HAJI AWANG DAMIT","Brunei Darussalam","Bronze",2,1,"Tenpin Bowling","Mixed","Singles"
"Mixed Singles - TPB 3","MOHAMED ISMAIL BIN HUSSAIN","Singapore","Gold",2,1,"Tenpin Bowling","Mixed","Singles"
"Mixed Singles - TPB 3","ZAINUL AKMAL BIN SIRAN","Malaysia","Silver",2,1,"Tenpin Bowling","Mixed","Singles"
"Mixed Singles - TPB 3","KU IZHAM BIN KU HARUN","Malaysia","Bronze",2,1,"Tenpin Bowling","Mixed","Singles"
"Mixed Singles - TPB 4","MOHAMAD RAUSYAN BIN MOHAMAD YAACOB","Singapore","Gold",2,1,"Tenpin Bowling","Mixed","Singles"
"Mixed Singles - TPB 4","FOO MING DE ERIC","Singapore","Silver",2,1,"Tenpin Bowling","Mixed","Singles"
"Mixed Singles - TPB 4","YE PHONE MAUNG","Myanmar","Bronze",2,1,"Tenpin Bowling","Mixed","Singles"
"Mixed Singles - TPB 8","ANUAR BIN SAAID","Singapore","Gold",2,1,"Tenpin Bowling","Mixed","Singles"
"Mixed Singles - TPB 8","FRANCISCO RAMIREZ EDNACO","Philippines","Silver",2,1,"Tenpin Bowling","Mixed","Singles"
"Mixed Singles - TPB 8","JAIME BAGUITAN MANGINGA","Philippines","Bronze",2,1,"Tenpin Bowling","Mixed","Singles"
"Mixed Singles - TPB 9","WONG KEE SOON","Malaysia","Gold",2,1,"Tenpin Bowling","Mixed","Singles"
"Mixed Singles - TPB 9","ABU BAKAR BIN NYAT","Malaysia","Silver",2,1,"Tenpin Bowling","Mixed","Singles"
"Mixed Singles - TPB 9","LIM CHOON HENG","Singapore","Bronze",2,1,"Tenpin Bowling","Mixed","Singles"
"Men's 100M - T53","PAEYO  PONGSAKORN","Thailand","Gold",3,1,"Athletics","Men","Singles"
"Men's 100M - T53","KRUNGGET  PICHET","Thailand","Silver",3,1,"Athletics","Men","Singles"
"Men's 100M - T53","INTASEN  SOPA","Thailand","Bronze",3,1,"Athletics","Men","Singles"
"Men's 400M - T44","KYAW KYAW WIN","Myanmar","Gold",3,1,"Athletics","Men","Singles"
"Men's 400M - T44","WAGIYO","Indonesia","Silver",3,1,"Athletics","Men","Singles"
"Men's 400M - T44","SAN MAO","Cambodia","Bronze",3,1,"Athletics","Men","Singles"
"Men's 400M - T47","MARTHIN LOSU","Indonesia","Gold",3,1,"Athletics","Men","Singles"
"Men's 400M - T47","YAMEE SUTAT","Thailand","Silver",3,1,"Athletics","Men","Singles"
"Men's 400M - T47","ARMAN PILA DINO","Philippines","Bronze",3,1,"Athletics","Men","Singles"
"Men's 400M - T52","KURATTANASIRI  PICHAYA","Thailand","Gold",3,1,"Athletics","Men","Singles"
"Men's 400M - T52","JERROLD PETE MACABIO MANGLIWAN","Philippines","Silver",3,1,"Athletics","Men","Singles"
"Men's 400M - T52","RUNGSRI  PETH","Thailand","Bronze",3,1,"Athletics","Men","Singles"
"Men's 800M - T46","MUHAMAD ASHRAF BIN MUHAMMAD HAISHAM","Malaysia","Gold",3,1,"Athletics","Men","Singles"
"Men's 800M - T46","TRAN VAN DUC","Vietnam","Silver",3,1,"Athletics","Men","Singles"
"Men's 800M - T46","ERENS SABANDAR","Indonesia","Bronze",3,1,"Athletics","Men","Singles"
"Men's Javelin Throw - F12/13","MOHD HISHAM BIN KHAIRONI","Malaysia","Gold",3,1,"Athletics","Men","Singles"
"Men's Javelin Throw - F12/13","I NYOMAN OKA","Indonesia","Silver",3,1,"Athletics","Men","Singles"
"Men's Javelin Throw - F12/13","BOONSRI PHICHAI","Thailand","Bronze",3,1,"Athletics","Men","Singles"
"Men's Javelin Throw - F42/43","SUTARNO","Indonesia","Gold",3,1,"Athletics","Men","Singles"
"Men's Javelin Throw - F42/43","TINT NAING WIN","Myanmar","Silver",3,1,"Athletics","Men","Singles"
"Men's Javelin Throw - F42/43","MYO MIN OO","Myanmar","Bronze",3,1,"Athletics","Men","Singles"
"Men's Javelin Throw - F46","CHANABOON ANGKARN","Thailand","Gold",3,1,"Athletics","Men","Singles"
"Men's Long Jump - F37/38","AMIR FIRDAUSS BIN JAMALUDDIN","Malaysia","Gold",3,1,"Athletics","Men","Singles"
"Men's Long Jump - F37/38","PHAN DINH DUONG","Vietnam","Silver",3,1,"Athletics","Men","Singles"
"Men's Long Jump - F37/38","NGUYEN HUU THINH","Vietnam","Bronze",3,1,"Athletics","Men","Singles"
"Men's Long Jump - F42","MORAPAT TAWATCHAI","Thailand","Gold",3,1,"Athletics","Men","Singles"
"Men's Long Jump - F42","MULYONO","Indonesia","Silver",3,1,"Athletics","Men","Singles"
"Men's Long Jump - F42","ANDY  RAMIREZ AVELLANA","Philippines","Bronze",3,1,"Athletics","Men","Singles"
"Men's Long Jump - F44","RASYIDI","Indonesia","Gold",3,1,"Athletics","Men","Singles"
"Men's Long Jump - F44","SAIFUL BIN DAWANG","Malaysia","Silver",3,1,"Athletics","Men","Singles"
"Men's Long Jump - F44","KYAW KYAW WIN","Myanmar","Bronze",3,1,"Athletics","Men","Singles"
"Women's 100M - T12","ENANG SARI SITORUS","Indonesia","Gold",3,1,"Athletics","Women","Singles"
"Women's 100M - T12","TANOMWONG SUNEEPORN","Thailand","Silver",3,1,"Athletics","Women","Singles"
"Women's 100M - T12","PRAWAT SUPUNNEE","Thailand","Bronze",3,1,"Athletics","Women","Singles"
"Women's 400M - T13","FELICIA BINTI MIKAT","Malaysia","Gold",3,1,"Athletics","Women","Singles"
"Women's 400M - T13","DONG THI HAI YEN","Vietnam","Silver",3,1,"Athletics","Women","Singles"
"Women's 400M - T13","VONGDALA SOULIPHONE","Lao People's Democratic Republic","Bronze",3,1,"Athletics","Women","Singles"
"Women's Shot Put - F11/12","HEMALA DEVI ENI KUTTY","Malaysia","Gold",3,1,"Athletics","Women","Singles"
"Women's Shot Put - F11/12","DYG NOR HENSAN BINTI AWG HAJI MATAHA","Brunei Darussalam","Silver",3,1,"Athletics","Women","Singles"
"Women's Shot Put - F11/12","NGUYEN THI CHIN","Vietnam","Bronze",3,1,"Athletics","Women","Singles"
"Women's Shot Put - F35/36/37","UMI SYUHADAH BINTI IDRIS","Malaysia","Gold",3,1,"Athletics","Women","Singles"
"Women's Shot Put - F35/36/37","HA THI HUE","Vietnam","Silver",3,1,"Athletics","Women","Singles"
"Women's Shot Put - F42/43/44","DORIAH POULUS","Malaysia","Gold",3,1,"Athletics","Women","Singles"
"Women's Shot Put - F42/43/44","LADEE WANNA","Thailand","Silver",3,1,"Athletics","Women","Singles"
"Women's Shot Put - F42/43/44","SEIN PHAWT","Myanmar","Bronze",3,1,"Athletics","Women","Singles"
"Women's Shot Put - F46","WISETSEE PATCHAREE","Thailand","Gold",3,1,"Athletics","Women","Singles"
"Women's Shot Put - F46","KHAMSUK SURANG","Thailand","Silver",3,1,"Athletics","Women","Singles"
"Men's Up to 49.00 kg","LE VAN CONG","Vietnam","Gold",3,1,"Powerlifting","Men","Singles"
"Men's Up to 49.00 kg","PIA","Lao People's Democratic Republic","Silver",3,1,"Powerlifting","Men","Singles"
"Men's Up to 49.00 kg","MOTNOK KHLAEO","Thailand","Bronze",3,1,"Powerlifting","Men","Singles"
"Men's Up to 54.00 kg","NGUYEN BINH AN","Vietnam","Gold",3,1,"Powerlifting","Men","Singles"
"Men's Up to 54.00 kg","SUKJARERN CHOOCHAT","Thailand","Silver",3,1,"Powerlifting","Men","Singles"
"Men's Up to 54.00 kg","PONGSAO AMORNTEP","Thailand","Bronze",3,1,"Powerlifting","Men","Singles"
"Women's Up to 41.00 kg","WIDIASIH NI NENGAH","Indonesia","Gold",3,1,"Powerlifting","Women","Singles"
"Women's Up to 41.00 kg","NGUYEN THI HONG","Vietnam","Silver",3,1,"Powerlifting","Women","Singles"
"Women's Up to 41.00 kg","PAMATIAN MARYDOL","Philippines","Bronze",3,1,"Powerlifting","Women","Singles"
"Women's Up to 45.00 kg","LE THI ANH NGA","Vietnam","Gold",3,1,"Powerlifting","Women","Singles"
"Women's Up to 45.00 kg","CHAROENYING PHIKUL","Thailand","Silver",3,1,"Powerlifting","Women","Singles"
"Women's Up to 45.00 kg","PHAIVANH PHILAVANH","Lao People's Democratic Republic","Bronze",3,1,"Powerlifting","Women","Singles"
"P2 10m Air Pistol Women SH1","SOMPORN  MUANGSIRI","Thailand","Gold",3,1,"Shooting","Women","Singles"
"P2 10m Air Pistol Women SH1","MANEERAT NONSANG","Thailand","Silver",3,1,"Shooting","Women","Singles"
"P2 10m Air Pistol Women SH1","ALVINA NEO","Singapore","Bronze",3,1,"Shooting","Women","Singles"
"R2 10m Air Rifle Women Standing SH1","CHUTIMA SAENLAR","Thailand","Gold",3,1,"Shooting","Women","Singles"
"R2 10m Air Rifle Women Standing SH1","WASANA KEATJARATKUL","Thailand","Silver",3,1,"Shooting","Women","Singles"
"R2 10m Air Rifle Women Standing SH1","HANIK PUJI HASTUTI","Indonesia","Bronze",3,1,"Shooting","Women","Singles"
"Men's 100M Freestyle - S10","MUSA MANDAN KARUBABA","Indonesia","Gold",3,1,"Swimming","Men","Singles"
"Men's 100M Freestyle - S10","AUNG PHONE","Myanmar","Silver",3,1,"Swimming","Men","Singles"
"Men's 100M Freestyle - S10","SUPHAT PUNSIRI","Thailand","Bronze",3,1,"Swimming","Men","Singles"
"Men's 100M Freestyle - S11","PHAM ANH TU","Vietnam","Gold",3,1,"Swimming","Men","Singles"
"Men's 100M Freestyle - S11","THANONGSAK HITAKUN","Thailand","Silver",3,1,"Swimming","Men","Singles"
"Men's 100M Freestyle - S11","IBERAMSYAH","Indonesia","Bronze",3,1,"Swimming","Men","Singles"
"Men's 100M Freestyle - S12","TRAN QUOC PHI","Vietnam","Gold",3,1,"Swimming","Men","Singles"
"Men's 100M Freestyle - S12","MENASER MERIBA NUMBERI","Indonesia","Silver",3,1,"Swimming","Men","Singles"
"Men's 100M Freestyle - S12","WONG MENG EE","Singapore","Bronze",3,1,"Swimming","Men","Singles"
"Men's 100M Freestyle - S13","MARINUS MELIANUS YOWEI","Indonesia","Gold",3,1,"Swimming","Men","Singles"
"Men's 100M Freestyle - S13","SUTAT SAWATTARN","Thailand","Silver",3,1,"Swimming","Men","Singles"
"Men's 100M Freestyle - S13","JULIUS ANAK JARANDING","Malaysia","Bronze",3,1,"Swimming","Men","Singles"
"Men's 100M Freestyle - S14","TAN ENG KIONG BENSON","Singapore","Gold",3,1,"Swimming","Men","Singles"
"Men's 100M Freestyle - S14","YOONG CHUNG WEI","Malaysia","Silver",3,1,"Swimming","Men","Singles"
"Men's 100M Freestyle - S14","HAN LIANG CHOU","Singapore","Bronze",3,1,"Swimming","Men","Singles"
"Men's 100M Freestyle - S9","VO HUYNH ANH KHOA","Vietnam","Gold",3,1,"Swimming","Men","Singles"
"Men's 100M Freestyle - S9","ROLAND BAJO SABIDO","Philippines","Silver",3,1,"Swimming","Men","Singles"
"Men's 100M Freestyle - S9","AHMAD AZWARI","Indonesia","Bronze",3,1,"Swimming","Men","Singles"
"Men's 200M Freestyle - S14","TAN ENG KIONG BENSON","Singapore","Gold",3,1,"Swimming","Men","Singles"
"Men's 200M Freestyle - S14","YOONG CHUNG WEI","Malaysia","Silver",3,1,"Swimming","Men","Singles"
"Men's 200M Freestyle - S14","HAN LIANG CHOU","Singapore","Bronze",3,1,"Swimming","Men","Singles"
"Men's 200M Freestyle - S4","SOMCHAI DOUNGKAEW","Thailand","Gold",3,1,"Swimming","Men","Singles"
"Men's 200M Freestyle - S4","HA VAN HIEP","Vietnam","Silver",3,1,"Swimming","Men","Singles"
"Men's 200M Freestyle - S5","JAMERY ANAK SIGA","Malaysia","Gold",3,1,"Swimming","Men","Singles"
"Men's 200M Freestyle - S5","VO THANH TUNG","Vietnam","Silver",3,1,"Swimming","Men","Singles"
"Men's 200M Freestyle - S5","VORAVIT KAEWKHAM","Thailand","Bronze",3,1,"Swimming","Men","Singles"
"Men's 50M Breaststroke - SB14","HAN LIANG CHOU","Singapore","Gold",3,1,"Swimming","Men","Singles"
"Men's 50M Breaststroke - SB14","YOONG CHUNG WEI","Malaysia","Silver",3,1,"Swimming","Men","Singles"
"Men's 50M Breaststroke - SB14","TAY WEI SIANG LAWRENCE","Singapore","Bronze",3,1,"Swimming","Men","Singles"
"Men's 50M Butterfly - S14","YOONG CHUNG WEI","Malaysia","Gold",3,1,"Swimming","Men","Singles"
"Men's 50M Butterfly - S14","TAN ENG KIONG BENSON","Singapore","Silver",3,1,"Swimming","Men","Singles"
"Men's 50M Butterfly - S14","HAN LIANG CHOU","Singapore","Bronze",3,1,"Swimming","Men","Singles"
"Men's 50M Butterfly - S5","JAMERY ANAK SIGA","Malaysia","Gold",3,1,"Swimming","Men","Singles"
"Men's 50M Butterfly - S5","VO THANH TUNG","Vietnam","Silver",3,1,"Swimming","Men","Singles"
"Men's 50M Butterfly - S5","VORAVIT KAEWKHAM","Thailand","Bronze",3,1,"Swimming","Men","Singles"
"Men's 50M Butterfly - S6","NAING SIT AUNG","Myanmar","Gold",3,1,"Swimming","Men","Singles"
"Men's 50M Butterfly - S6","AUNG MYINT MYAT","Myanmar","Silver",3,1,"Swimming","Men","Singles"
"Men's 50M Butterfly - S6","BOONYARIT PAYUNGSAKUL","Thailand","Bronze",3,1,"Swimming","Men","Singles"
"Women's 400M Freestyle - S9","ANCHAYA KETKEAW","Thailand","Gold",3,1,"Swimming","Women","Singles"
"Women's 400M Freestyle - S9","SURERUT KOMKEAW","Thailand","Silver",3,1,"Swimming","Women","Singles"
"Women's 400M Freestyle - S9","LE THI DUNG","Vietnam","Bronze",3,1,"Swimming","Women","Singles"
"Women's 50M Butterfly - S5","GOH RUI SI THERESA","Singapore","Gold",3,1,"Swimming","Women","Singles"
"Women's 50M Butterfly - S5","DANH THI MY THANH","Vietnam","Silver",3,1,"Swimming","Women","Singles"
"Women's 50M Butterfly - S5","PORNPIMON SUTTHICHITTANON","Thailand","Bronze",3,1,"Swimming","Women","Singles"
"Men's Team - Class 10","","Indonesia","Gold",3,1,"Table Tennis","Men","Team"
"Men's Team - Class 10","","Malaysia","Silver",3,1,"Table Tennis","Men","Team"
"Men's Team - Class 10","","Vietnam","Bronze",3,1,"Table Tennis","Men","Team"
"Men's Team - Class 10","","Thailand","Bronze",3,1,"Table Tennis","Men","Team"
"Men's Team - Class 1-2","","Singapore","Gold",3,1,"Table Tennis","Men","Team"
"Men's Team - Class 3","","Thailand","Gold",3,1,"Table Tennis","Men","Team"
"Men's Team - Class 3","","Vietnam","Silver",3,1,"Table Tennis","Men","Team"
"Men's Team - Class 3","","Indonesia","Bronze",3,1,"Table Tennis","Men","Team"
"Men's Team - Class 4-5","","Indonesia","Gold",3,1,"Table Tennis","Men","Team"
"Men's Team - Class 4-5","","Thailand","Silver",3,1,"Table Tennis","Men","Team"
"Men's Team - Class 4-5","","Vietnam","Bronze",3,1,"Table Tennis","Men","Team"
"Men's Team - Class 4-5","","Philippines","Bronze",3,1,"Table Tennis","Men","Team"
"Men's Team - Class 6-7","","Thailand","Gold",3,1,"Table Tennis","Men","Team"
"Men's Team - Class 6-7","","Indonesia","Silver",3,1,"Table Tennis","Men","Team"
"Men's Team - Class 8","","Indonesia","Gold",3,1,"Table Tennis","Men","Team"
"Men's Team - Class 8","","Vietnam","Silver",3,1,"Table Tennis","Men","Team"
"Men's Team - Class 8","","Malaysia","Bronze",3,1,"Table Tennis","Men","Team"
"Men's Team - Class 8","","Thailand","Bronze",3,1,"Table Tennis","Men","Team"
"Men's Team - Class 9","","Malaysia","Gold",3,1,"Table Tennis","Men","Team"
"Men's Team - Class 9","","Indonesia","Silver",3,1,"Table Tennis","Men","Team"
"Men's Team - Class 9","","Myanmar","Bronze",3,1,"Table Tennis","Men","Team"
"Men's Team - Class 9","","Philippines","Bronze",3,1,"Table Tennis","Men","Team"
"Women's Team - Class 10","","Indonesia","Gold",3,1,"Table Tennis","Women","Team"
"Women's Team - Class 10","","Vietnam","Silver",3,1,"Table Tennis","Women","Team"
"Women's Team - Class 10","","Philippines","Bronze",3,1,"Table Tennis","Women","Team"
"Women's Team - Class 1-5","","Thailand","Gold",3,1,"Table Tennis","Women","Team"
"Women's Team - Class 1-5","","Indonesia","Silver",3,1,"Table Tennis","Women","Team"
"Women's Team - Class 1-5","","Malaysia","Bronze",3,1,"Table Tennis","Women","Team"
"Mixed Doubles - TPB 1 + TPB 3","","Malaysia","Gold",3,1,"Tenpin Bowling","Mixed","Team"
"Mixed Doubles - TPB 1 + TPB 3","","Malaysia","Silver",3,1,"Tenpin Bowling","Mixed","Team"
"Mixed Doubles - TPB 1 + TPB 3","","Singapore","Bronze",3,1,"Tenpin Bowling","Mixed","Team"
"Mixed Doubles - TPB 10 + TPB 10","","Thailand","Gold",3,1,"Tenpin Bowling","Mixed","Team"
"Mixed Doubles - TPB 10 + TPB 10","","Malaysia","Silver",3,1,"Tenpin Bowling","Mixed","Team"
"Mixed Doubles - TPB 10 + TPB 10","","Philippines","Bronze",3,1,"Tenpin Bowling","Mixed","Team"
"Mixed Doubles - TPB 2 + TPB 2","","Brunei Darussalam","Gold",3,1,"Tenpin Bowling","Mixed","Team"
"Mixed Doubles - TPB 2 + TPB 2","","Malaysia","Silver",3,1,"Tenpin Bowling","Mixed","Team"
"Mixed Doubles - TPB 2 + TPB 2","","Malaysia","Bronze",3,1,"Tenpin Bowling","Mixed","Team"
"Mixed Doubles - TPB 8 + TPB 8","","Malaysia","Gold",3,1,"Tenpin Bowling","Mixed","Team"
"Mixed Doubles - TPB 8 + TPB 8","","Philippines","Silver",3,1,"Tenpin Bowling","Mixed","Team"
"Mixed Doubles - TPB 8 + TPB 8","","Singapore","Bronze",3,1,"Tenpin Bowling","Mixed","Team"
"Mixed Doubles - TPB 9 + TPB 9","","Malaysia","Gold",3,1,"Tenpin Bowling","Mixed","Team"
"Mixed Doubles - TPB 9 + TPB 9","","Indonesia","Silver",3,1,"Tenpin Bowling","Mixed","Team"
"Mixed Doubles - TPB 9 + TPB 9","","Malaysia","Bronze",3,1,"Tenpin Bowling","Mixed","Team"
"Men's Individual Compound Open","YUHAIZAM BIN YAHAYA","Malaysia","Gold",4,1,"Archery","Men","Singles"
"Men's Individual Compound Open","MUKLIS","Indonesia","Silver",4,1,"Archery","Men","Singles"
"Men's Individual Compound Open","AZRUL BIN ABD RASHID","Malaysia","Bronze",4,1,"Archery","Men","Singles"
"Mixed Team Compound Open","","Singapore","Gold",4,1,"Archery","Mixed","Team"
"Mixed Team Compound Open","","Malaysia","Silver",4,1,"Archery","Mixed","Team"
"Women's Individual Compound Open","NUR SYAHIDAH BINTE ALIM","Singapore","Gold",4,1,"Archery","Women","Singles"
"Women's Individual Compound Open","NOR SA ADAH BINTI ABDUL WAHAB","Malaysia","Silver",4,1,"Archery","Women","Singles"
"Women's Individual Compound Open","RATCHANEE PANMAI","Thailand","Bronze",4,1,"Archery","Women","Singles"
"Men's 100M - T13","PREMRUEDICHAISAK CHAKKRAWAN","Thailand","Gold",4,1,"Athletics","Men","Singles"
"Men's 100M - T36","MOHAMAD RIDZUAN BIN MOHAMAD PUZI","Malaysia","Gold",4,1,"Athletics","Men","Singles"
"Men's 100M - T36","MUHAMAD AGUNG LAKSANA","Indonesia","Silver",4,1,"Athletics","Men","Singles"
"Men's 100M - T42","MULYONO","Indonesia","Gold",4,1,"Athletics","Men","Singles"
"Men's 100M - T42","MORAPAT TAWATCHAI","Thailand","Silver",4,1,"Athletics","Men","Singles"
"Men's 100M - T42","TINT NAING WIN","Myanmar","Bronze",4,1,"Athletics","Men","Singles"
"Men's 100M - T44","RASYIDI","Indonesia","Gold",4,1,"Athletics","Men","Singles"
"Men's 100M - T44","WAGIYO","Indonesia","Silver",4,1,"Athletics","Men","Singles"
"Men's 100M - T44","UAMSAMUT SUTHIS","Thailand","Bronze",4,1,"Athletics","Men","Singles"
"Men's 100M - T45/46","PHUNG DINH TU","Vietnam","Gold",4,1,"Athletics","Men","Singles"
"Men's 100M - T45/46","AHMAD SOLIHIM BIN MOHD NOR","Malaysia","Silver",4,1,"Athletics","Men","Singles"
"Men's 100M - T45/46","BONG HONG","Cambodia","Bronze",4,1,"Athletics","Men","Singles"
"Men's 100M - T47","SETIYO BUDIHARTANTO","Indonesia","Gold",4,1,"Athletics","Men","Singles"
"Men's 100M - T47","MARTHIN LOSU","Indonesia","Silver",4,1,"Athletics","Men","Singles"
"Men's 100M - T47","ARMAN PILA DINO","Philippines","Bronze",4,1,"Athletics","Men","Singles"
"Men's 100M - T52","JERROLD PETE MACABIO MANGLIWAN","Philippines","Gold",4,1,"Athletics","Men","Singles"
"Men's 100M - T52","KURATTANASIRI  PICHAYA","Thailand","Silver",4,1,"Athletics","Men","Singles"
"Men's 100M - T52","RUNGSRI  PETH","Thailand","Bronze",4,1,"Athletics","Men","Singles"
"Men's 1500M - T37","TIMIN","Indonesia","Gold",4,1,"Athletics","Men","Singles"
"Men's 1500M - T37","LEOW ZI XIANG ZAC","Singapore","Silver",4,1,"Athletics","Men","Singles"
"Men's 1500M - T46","TRAN VAN DUC","Vietnam","Gold",4,1,"Athletics","Men","Singles"
"Men's 1500M - T46","MUHAMAD ASHRAF BIN MUHAMMAD HAISHAM","Malaysia","Silver",4,1,"Athletics","Men","Singles"
"Men's 1500M - T46","ISIDRO PATENA VILDOSOLA","Philippines","Bronze",4,1,"Athletics","Men","Singles"
"Men's 400M - T11","SONGPHINIT SUPHACHAI","Thailand","Gold",4,1,"Athletics","Men","Singles"
"Men's 400M - T11","SUNOTO","Indonesia","Silver",4,1,"Athletics","Men","Singles"
"Men's 400M - T11","NGUYEN NGOC HIEP","Vietnam","Bronze",4,1,"Athletics","Men","Singles"
"Men's 400M - T12","NGUYEN HOANG MINH","Vietnam","Gold",4,1,"Athletics","Men","Singles"
"Men's 400M - T12","HARJONO TARIHORAN","Indonesia","Silver",4,1,"Athletics","Men","Singles"
"Men's 400M - T12","NGUYEN VAN BINH","Vietnam","Bronze",4,1,"Athletics","Men","Singles"
"Men's 400M - T20","FELIPUS KOLYMAU","Indonesia","Gold",4,1,"Athletics","Men","Singles"
"Men's 400M - T20","NASHARUDDIN BIN MOHD","Malaysia","Silver",4,1,"Athletics","Men","Singles"
"Men's 400M - T20","ENDI NURDIN TINE","Indonesia","Bronze",4,1,"Athletics","Men","Singles"
"Men's Discus Throw - F42/43","VUONG CHAU","Vietnam","Gold",4,1,"Athletics","Men","Singles"
"Men's Discus Throw - F42/43","SUTARNO","Indonesia","Silver",4,1,"Athletics","Men","Singles"
"Men's Discus Throw - F44","YAHYA","Indonesia","Gold",4,1,"Athletics","Men","Singles"
"Men's Discus Throw - F44","PHAN VAN DUNG","Vietnam","Silver",4,1,"Athletics","Men","Singles"
"Men's Discus Throw - F44","MYO SWE","Myanmar","Bronze",4,1,"Athletics","Men","Singles"
"Men's Javelin Throw - F36/37/38","SHAMLI BIN WAIDI","Malaysia","Gold",4,1,"Athletics","Men","Singles"
"Men's Javelin Throw - F36/37/38","NGUYEN VAN THINH","Vietnam","Silver",4,1,"Athletics","Men","Singles"
"Men's Javelin Throw - F36/37/38","THOMSON LIM KOK HONG","Malaysia","Bronze",4,1,"Athletics","Men","Singles"
"Men's Shot Put - F35/36/37","MUHAMMAD HAFIZ BIN ABU BAKAR","Malaysia","Gold",4,1,"Athletics","Men","Singles"
"Men's Shot Put - F35/36/37","THOMSON LIM KOK HONG","Malaysia","Silver",4,1,"Athletics","Men","Singles"
"Men's Shot Put - F35/36/37","ZAKARIA BIN SAAD","Malaysia","Bronze",4,1,"Athletics","Men","Singles"
"Men's Triple Jump - F45/46/47","SETIYO BUDIHARTANTO","Indonesia","Gold",4,1,"Athletics","Men","Singles"
"Men's Triple Jump - F45/46/47","ERYANTO BIN BAHTIAR","Malaysia","Silver",4,1,"Athletics","Men","Singles"
"Men's Triple Jump - F45/46/47","AUNG HTOO","Myanmar","Bronze",4,1,"Athletics","Men","Singles"
"Women's 100M - T43/44","NGUYEN THI THUY","Vietnam","Gold",4,1,"Athletics","Women","Singles"
"Women's 100M - T43/44","LAI THI NGOC ANH","Vietnam","Silver",4,1,"Athletics","Women","Singles"
"Women's 100M - T43/44","INGINN KHIN","Myanmar","Bronze",4,1,"Athletics","Women","Singles"
"Women's 100M - T45/46/47","NANDA MEI SHOLIHAH","Indonesia","Gold",4,1,"Athletics","Women","Singles"
"Women's 100M - T45/46/47","GAGUN PAGJIRAPORN","Thailand","Silver",4,1,"Athletics","Women","Singles"
"Women's 100M - T45/46/47","NANDAR LIN","Myanmar","Bronze",4,1,"Athletics","Women","Singles"
"Women's 100M - T54","PRUDENCIA DEL MUNDO PANALIGAN","Philippines","Gold",4,1,"Athletics","Women","Singles"
"Women's 100M - T54","NGUYEN THI XUAN ANH","Vietnam","Silver",4,1,"Athletics","Women","Singles"
"Women's 100M - T54","SRITONG  CHAINET","Thailand","Bronze",4,1,"Athletics","Women","Singles"
"Women's 200M - T13","FELICIA BINTI MIKAT","Malaysia","Gold",4,1,"Athletics","Women","Singles"
"Women's 200M - T13","AN NUR HAIYYU BTE MD YUSSOF","Brunei Darussalam","Silver",4,1,"Athletics","Women","Singles"
"Women's 200M - T13","DONG THI HAI YEN","Vietnam","Bronze",4,1,"Athletics","Women","Singles"
"Women's 200M - T35/36","INSAN NURHAIDA","Indonesia","Gold",4,1,"Athletics","Women","Singles"
"Women's 200M - T35/36","PHUMCHAN PHONSUDA","Thailand","Silver",4,1,"Athletics","Women","Singles"
"Women's Javelin Throw - F45/46","KHAMSUK SURANG","Thailand","Gold",4,1,"Athletics","Women","Singles"
"Women's Javelin Throw - F45/46","PUTU CHRISTIANI","Indonesia","Silver",4,1,"Athletics","Women","Singles"
"Women's Shot Put - F20","NURSUHANA BINTI RAMLAN","Malaysia","Gold",4,1,"Athletics","Women","Singles"
"Women's Shot Put - F20","NILA KUNG","Thailand","Silver",4,1,"Athletics","Women","Singles"
"Women's Doubles - SL3/4/SU5","","Indonesia","Gold",4,1,"Badminton","Women","Team"
"Women's Doubles - SL3/4/SU5","","Thailand","Silver",4,1,"Badminton","Women","Team"
"Women's Doubles - SL3/4/SU5","","Thailand","Bronze",4,1,"Badminton","Women","Team"
"Women's Singles - SL3","PARAMEE PANYACHAEM","Thailand","Gold",4,1,"Badminton","Women","Singles"
"Women's Singles - SL3","SRIYANTI","Indonesia","Silver",4,1,"Badminton","Women","Singles"
"Women's Singles - SU5","SUDSAIFON  YODPHA","Thailand","Gold",4,1,"Badminton","Women","Singles"
"Women's Singles - SU5","NOORIZAH BINTI RAHIM","Malaysia","Silver",4,1,"Badminton","Women","Singles"
"Women's Singles - WH1/2","AMNOUY WETWITHAN","Thailand","Gold",4,1,"Badminton","Women","Singles"
"Women's Singles - WH1/2","SUJIRAT POOKKHAM","Thailand","Silver",4,1,"Badminton","Women","Singles"
"Women's Singles - WH1/2","PIYAWAN THINJUN","Thailand","Bronze",4,1,"Badminton","Women","Singles"
"Mixed Individual - BC4","RITTHIKRAI  SOMSANUK","Thailand","Silver",4,1,"Boccia","Mixed","Singles"
"Men's Individual Standard - B1","AYE LWIN","Myanmar","Gold",4,1,"Chess","Men","Singles"
"Men's Individual Standard - B1","EDY SURYANTO","Indonesia","Silver",4,1,"Chess","Men","Singles"
"Men's Individual Standard - B1","KAUNG SAN","Myanmar","Bronze",4,1,"Chess","Men","Singles"
"Men's Individual Standard - B2/B3","MENANDRO JUNNIE  REDOR","Philippines","Gold",4,1,"Chess","Men","Singles"
"Men's Individual Standard - B2/B3","ARMAN S SUBASTE","Philippines","Silver",4,1,"Chess","Men","Singles"
"Men's Individual Standard - B2/B3","YADI SOPIAN","Indonesia","Bronze",4,1,"Chess","Men","Singles"
"Men's Individual Standard - PI","AZHAR PANJAITAN","Indonesia","Gold",4,1,"Chess","Men","Singles"
"Men's Individual Standard - PI","HENRY ROGER I LOPEZ","Philippines","Silver",4,1,"Chess","Men","Singles"
"Men's Individual Standard - PI","SANDER DE ERIT SEVERINO","Philippines","Bronze",4,1,"Chess","Men","Singles"
"Men's Team Standard - B1","","Myanmar","Gold",4,1,"Chess","Men","Team"
"Men's Team Standard - B1","","Indonesia","Silver",4,1,"Chess","Men","Team"
"Men's Team Standard - B2/B3","","Philippines","Gold",4,1,"Chess","Men","Team"
"Men's Team Standard - B2/B3","","Indonesia","Silver",4,1,"Chess","Men","Team"
"Men's Team Standard - B2/B3","","Myanmar","Bronze",4,1,"Chess","Men","Team"
"Men's Team Standard - PI","","Indonesia","Gold",4,1,"Chess","Men","Team"
"Men's Team Standard - PI","","Philippines","Silver",4,1,"Chess","Men","Team"
"Men's Team Standard - PI","","Vietnam","Bronze",4,1,"Chess","Men","Team"
"Women's Individual Standard - B1","TATI KARHATI","Indonesia","Gold",4,1,"Chess","Women","Singles"
"Women's Individual Standard - B1","WILMA MARGARETHA SINAGA","Indonesia","Silver",4,1,"Chess","Women","Singles"
"Women's Individual Standard - B1","DEBI ARIESTA","Indonesia","Bronze",4,1,"Chess","Women","Singles"
"Women's Individual Standard - B2/B3","NGUYEN THI HONG CHAU","Vietnam","Gold",4,1,"Chess","Women","Singles"
"Women's Individual Standard - B2/B3","NGUYEN THI MINH THU","Vietnam","Silver",4,1,"Chess","Women","Singles"
"Women's Individual Standard - B2/B3","NUR FEIQHA MAULAD MOHAMED HALIL","Malaysia","Bronze",4,1,"Chess","Women","Singles"
"Women's Individual Standard - PI","NASIP FARTA SIMANJA","Indonesia","Gold",4,1,"Chess","Women","Singles"
"Women's Individual Standard - PI","ROSLINDA BR MANURUNG","Indonesia","Silver",4,1,"Chess","Women","Singles"
"Women's Individual Standard - PI","TRAN THI BICH THUY","Vietnam","Bronze",4,1,"Chess","Women","Singles"
"Women's Team Standard - B1","","Indonesia","Gold",4,1,"Chess","Women","Team"
"Women's Team Standard - B1","","Vietnam","Silver",4,1,"Chess","Women","Team"
"Women's Team Standard - B2/B3","","Vietnam","Gold",4,1,"Chess","Women","Team"
"Women's Team Standard - B2/B3","","Malaysia","Silver",4,1,"Chess","Women","Team"
"Women's Team Standard - PI","","Indonesia","Gold",4,1,"Chess","Women","Team"
"Women's Team Standard - PI","","Vietnam","Silver",4,1,"Chess","Women","Team"
"Men's Up to 59.00 kg","KASANUN NARONG","Thailand","Gold",4,1,"Powerlifting","Men","Singles"
"Men's Up to 59.00 kg","HIDAYAT AHMAD HIDAYAT","Indonesia","Silver",4,1,"Powerlifting","Men","Singles"
"Men's Up to 59.00 kg","NGUYEN VAN PHUC","Vietnam","Bronze",4,1,"Powerlifting","Men","Singles"
"Men's Up to 65.00 kg","NGUYEN THANH XUAN","Vietnam","Gold",4,1,"Powerlifting","Men","Singles"
"Men's Up to 65.00 kg","CHUMCHAI PHONGSAKON","Thailand","Silver",4,1,"Powerlifting","Men","Singles"
"Men's Up to 65.00 kg","JASNI VISION","Malaysia","Bronze",4,1,"Powerlifting","Men","Singles"
"R3 10m Air Rifle Prone Mixed SH1","ATIDET INTANON","Thailand","Gold",4,1,"Shooting","Mixed","Singles"
"R3 10m Air Rifle Prone Mixed SH1","WORAPRAT SIRISAK","Thailand","Silver",4,1,"Shooting","Mixed","Singles"
"R3 10m Air Rifle Prone Mixed SH1","ARIS HARYADI","Indonesia","Bronze",4,1,"Shooting","Mixed","Singles"
"R5 10m Air Rifle Prone Mixed SH2","CHATCHAI SENACHAN","Thailand","Gold",4,1,"Shooting","Mixed","Singles"
"R5 10m Air Rifle Prone Mixed SH2","TANONG CHANNAM","Thailand","Silver",4,1,"Shooting","Mixed","Singles"
"R5 10m Air Rifle Prone Mixed SH2","BOLO TRIYANTO","Indonesia","Bronze",4,1,"Shooting","Mixed","Singles"
"Men's 100M Butterfly - S10","MUSA MANDAN KARUBABA","Indonesia","Gold",4,1,"Swimming","Men","Singles"
"Men's 100M Butterfly - S10","FRAIDDEN DAWAN","Malaysia","Silver",4,1,"Swimming","Men","Singles"
"Men's 100M Butterfly - S10","TANGKILISAN STEVEN SUALANG","Indonesia","Bronze",4,1,"Swimming","Men","Singles"
"Men's 100M Butterfly - S11","KITTIPORN MARNNOK","Thailand","Gold",4,1,"Swimming","Men","Singles"
"Men's 100M Butterfly - S11","IBERAMSYAH","Indonesia","Silver",4,1,"Swimming","Men","Singles"
"Men's 100M Butterfly - S11","SUNARTO","Indonesia","Bronze",4,1,"Swimming","Men","Singles"
"Men's 100M Butterfly - S8","GUNTUR","Indonesia","Gold",4,1,"Swimming","Men","Singles"
"Men's 100M Butterfly - S8","JAMES WONG TIEN YU","Malaysia","Silver",4,1,"Swimming","Men","Singles"
"Men's 100M Butterfly - S8","THANISORN JITNARIN","Thailand","Bronze",4,1,"Swimming","Men","Singles"
"Men's 100M Butterfly - S9","VO HUYNH ANH KHOA","Vietnam","Gold",4,1,"Swimming","Men","Singles"
"Men's 100M Butterfly - S9","JENDI PANGABEAN","Indonesia","Silver",4,1,"Swimming","Men","Singles"
"Men's 100M Butterfly - S9","NGUYEN NGOC THIET","Vietnam","Bronze",4,1,"Swimming","Men","Singles"
"Men's 400M Freestyle - S10","FRAIDDEN DAWAN","Malaysia","Gold",4,1,"Swimming","Men","Singles"
"Men's 400M Freestyle - S10","TANGKILISAN STEVEN SUALANG","Indonesia","Silver",4,1,"Swimming","Men","Singles"
"Men's 400M Freestyle - S10","SUPHAT PUNSIRI","Thailand","Bronze",4,1,"Swimming","Men","Singles"
"Men's 400M Freestyle - S11","PHAM ANH TU","Vietnam","Gold",4,1,"Swimming","Men","Singles"
"Men's 400M Freestyle - S11","IBERAMSYAH","Indonesia","Silver",4,1,"Swimming","Men","Singles"
"Men's 400M Freestyle - S11","KITTIPORN MARNNOK","Thailand","Bronze",4,1,"Swimming","Men","Singles"
"Men's 400M Freestyle - S6","AUNG MYINT MYAT","Myanmar","Gold",4,1,"Swimming","Men","Singles"
"Men's 400M Freestyle - S6","AGUS NGAIMIN","Indonesia","Silver",4,1,"Swimming","Men","Singles"
"Men's 400M Freestyle - S6","FAJAR NUR HADIANTO","Indonesia","Bronze",4,1,"Swimming","Men","Singles"
"Men's 400M Freestyle - S7","GARY ADORNAJO BEGINO","Philippines","Gold",4,1,"Swimming","Men","Singles"
"Men's 400M Freestyle - S7","KAWEEWAT SITTICHAIPHONNITI","Thailand","Silver",4,1,"Swimming","Men","Singles"
"Men's 400M Freestyle - S7","SURIANSYAH","Indonesia","Bronze",4,1,"Swimming","Men","Singles"
"Men's 400M Freestyle - S8","ERNIE AGAT GAWILAN","Philippines","Gold",4,1,"Swimming","Men","Singles"
"Men's 400M Freestyle - S8","TOH WEI SOONG","Singapore","Silver",4,1,"Swimming","Men","Singles"
"Men's 400M Freestyle - S8","DANG VAN CONG","Vietnam","Bronze",4,1,"Swimming","Men","Singles"
"Men's 400M Freestyle - S9","VO HUYNH ANH KHOA","Vietnam","Gold",4,1,"Swimming","Men","Singles"
"Men's 400M Freestyle - S9","JENDI PANGABEAN","Indonesia","Silver",4,1,"Swimming","Men","Singles"
"Men's 400M Freestyle - S9","ROLAND BAJO SABIDO","Philippines","Bronze",4,1,"Swimming","Men","Singles"
"Men's 4x50M Medley Relay - 20 points","","Vietnam","Gold",4,1,"Swimming","Men","Team"
"Men's 4x50M Medley Relay - 20 points","","Thailand","Silver",4,1,"Swimming","Men","Team"
"Women's 100M Butterfly - S10","SAPIA RUMBARU","Indonesia","Gold",4,1,"Swimming","Women","Singles"
"Women's 100M Butterfly - S10","NGUYEN THI THUY","Vietnam","Silver",4,1,"Swimming","Women","Singles"
"Women's 100M Butterfly - S10","RUSDIANA","Indonesia","Bronze",4,1,"Swimming","Women","Singles"
"Women's 100M Butterfly - S9","ANCHAYA KETKEAW","Thailand","Gold",4,1,"Swimming","Women","Singles"
"Women's 100M Butterfly - S9","SURERUT KOMKEAW","Thailand","Silver",4,1,"Swimming","Women","Singles"
"Women's 100M Butterfly - S9","LE THI DUNG","Vietnam","Bronze",4,1,"Swimming","Women","Singles"
"Women's 200M Freestyle - S5","GOH RUI SI THERESA","Singapore","Gold",4,1,"Swimming","Women","Singles"
"Women's 200M Freestyle - S5","NGUYEN THI DEN","Vietnam","Silver",4,1,"Swimming","Women","Singles"
"Women's 200M Freestyle - S5","DANH THI MY THANH","Vietnam","Bronze",4,1,"Swimming","Women","Singles"
"Men's Doubles - Class 10","","Indonesia","Gold",4,1,"Table Tennis","Men","Team"
"Men's Doubles - Class 10","","Malaysia","Silver",4,1,"Table Tennis","Men","Team"
"Men's Doubles - Class 10","","Singapore","Bronze",4,1,"Table Tennis","Men","Team"
"Men's Doubles - Class 10","","Thailand","Bronze",4,1,"Table Tennis","Men","Team"
"Men's Doubles - Class 1-3","","Thailand","Gold",4,1,"Table Tennis","Men","Team"
"Men's Doubles - Class 1-3","","Indonesia","Silver",4,1,"Table Tennis","Men","Team"
"Men's Doubles - Class 1-3","","Thailand","Bronze",4,1,"Table Tennis","Men","Team"
"Men's Doubles - Class 1-3","","Vietnam","Bronze",4,1,"Table Tennis","Men","Team"
"Men's Doubles - Class 4-5","","Indonesia","Gold",4,1,"Table Tennis","Men","Team"
"Men's Doubles - Class 4-5","","Thailand","Silver",4,1,"Table Tennis","Men","Team"
"Men's Doubles - Class 4-5","","Philippines","Bronze",4,1,"Table Tennis","Men","Team"
"Men's Doubles - Class 4-5","","Thailand","Bronze",4,1,"Table Tennis","Men","Team"
"Men's Doubles - Class 6-7","","Thailand","Gold",4,1,"Table Tennis","Men","Team"
"Men's Doubles - Class 6-7","","Indonesia","Silver",4,1,"Table Tennis","Men","Team"
"Men's Doubles - Class 6-7","","Indonesia","Bronze",4,1,"Table Tennis","Men","Team"
"Men's Doubles - Class 6-7","","Thailand","Bronze",4,1,"Table Tennis","Men","Team"
"Men's Doubles - Class 8","","Indonesia","Gold",4,1,"Table Tennis","Men","Team"
"Men's Doubles - Class 8","","Vietnam","Silver",4,1,"Table Tennis","Men","Team"
"Men's Doubles - Class 8","","Thailand","Bronze",4,1,"Table Tennis","Men","Team"
"Men's Doubles - Class 8","","Indonesia","Bronze",4,1,"Table Tennis","Men","Team"
"Men's Doubles - Class 9","","Indonesia","Gold",4,1,"Table Tennis","Men","Team"
"Men's Doubles - Class 9","","Indonesia","Silver",4,1,"Table Tennis","Men","Team"
"Men's Doubles - Class 9","","Myanmar","Bronze",4,1,"Table Tennis","Men","Team"
"Men's Doubles - Class 9","","Malaysia","Bronze",4,1,"Table Tennis","Men","Team"
"Women's Doubles - Class 10","","Vietnam","Gold",4,1,"Table Tennis","Women","Team"
"Women's Doubles - Class 10","","Philippines","Silver",4,1,"Table Tennis","Women","Team"
"Women's Doubles - Class 10","","Malaysia","Bronze",4,1,"Table Tennis","Women","Team"
"Women's Doubles - Class 1-5","","Thailand","Gold",4,1,"Table Tennis","Women","Team"
"Women's Doubles - Class 1-5","","Indonesia","Silver",4,1,"Table Tennis","Women","Team"
"Women's Doubles - Class 1-5","","Malaysia","Bronze",4,1,"Table Tennis","Women","Team"
"Women's Doubles - Class 1-5","","Thailand","Bronze",4,1,"Table Tennis","Women","Team"
"Women's Doubles - Class 8-9","","Indonesia","Gold",4,1,"Table Tennis","Women","Team"
"Women's Doubles - Class 8-9","","Indonesia","Silver",4,1,"Table Tennis","Women","Team"
"Women's Doubles - Class 8-9","","Thailand","Bronze",4,1,"Table Tennis","Women","Team"
"Mixed Trios - TPB 1 + TPB 1/2 + TPB 2/3","","Malaysia","Gold",4,1,"Tenpin Bowling","Mixed","Team"
"Mixed Trios - TPB 1 + TPB 1/2 + TPB 2/3","","Singapore","Silver",4,1,"Tenpin Bowling","Mixed","Team"
"Mixed Trios - TPB 1 + TPB 1/2 + TPB 2/3","","Brunei Darussalam","Bronze",4,1,"Tenpin Bowling","Mixed","Team"
"Mixed Trios - TPB 8 + TPB 8/9 + TPB 9/10","","Thailand","Gold",4,1,"Tenpin Bowling","Mixed","Team"
"Mixed Trios - TPB 8 + TPB 8/9 + TPB 9/10","","Malaysia","Silver",4,1,"Tenpin Bowling","Mixed","Team"
"Mixed Trios - TPB 8 + TPB 8/9 + TPB 9/10","","Philippines","Bronze",4,1,"Tenpin Bowling","Mixed","Team"
"Men's Individual Recurve Open","HANREUCHAI NETSIRI","Thailand","Gold",5,1,"Archery","Men","Singles"
"Men's Individual Recurve Open","BOONYARIT CHAIPOON","Thailand","Silver",5,1,"Archery","Men","Singles"
"Men's Individual Recurve Open","SAKON INKAEW","Thailand","Bronze",5,1,"Archery","Men","Singles"
"Mixed Team Recurve","","Thailand","Gold",5,1,"Archery","Mixed","Team"
"Mixed Team Recurve","","Myanmar","Silver",5,1,"Archery","Mixed","Team"
"Women's Individual Recurve Open","WASANA KHUTHAWISAP","Thailand","Gold",5,1,"Archery","Women","Singles"
"Women's Individual Recurve Open","VERONICA NINIK UMARDYANI","Indonesia","Silver",5,1,"Archery","Women","Singles"
"Women's Individual Recurve Open","PHANNIBHA SRATHONGMAEW","Thailand","Bronze",5,1,"Archery","Women","Singles"
"Men's 1500M - T53/54","WAHORAM PRAWAT","Thailand","Gold",5,1,"Athletics","Men","Singles"
"Men's 1500M - T53/54","TANA  RAWAT","Thailand","Silver",5,1,"Athletics","Men","Singles"
"Men's 1500M - T53/54","HENG SAVOEUN","Cambodia","Bronze",5,1,"Athletics","Men","Singles"
"Men's 200M - T52","JERROLD PETE MACABIO MANGLIWAN","Philippines","Gold",5,1,"Athletics","Men","Singles"
"Men's 200M - T52","RUNGSRI  PETH","Thailand","Silver",5,1,"Athletics","Men","Singles"
"Men's 400M - T36/38","KRISHNA KUMAR HARI DAS","Malaysia","Gold",5,1,"Athletics","Men","Singles"
"Men's 400M - T36/38","DAMCHOOM SURASAK","Thailand","Silver",5,1,"Athletics","Men","Singles"
"Men's 400M - T36/38","SUYONO","Indonesia","Bronze",5,1,"Athletics","Men","Singles"
"Men's 400M - T37","LE VAN MANH","Vietnam","Gold",5,1,"Athletics","Men","Singles"
"Men's 400M - T37","SAEWANG SAKPHET","Thailand","Silver",5,1,"Athletics","Men","Singles"
"Men's 400M - T37","TIMIN","Indonesia","Bronze",5,1,"Athletics","Men","Singles"
"Men's 400M - T45/46","BONG HONG","Cambodia","Gold",5,1,"Athletics","Men","Singles"
"Men's 400M - T45/46","PHUNG DINH TU","Vietnam","Silver",5,1,"Athletics","Men","Singles"
"Men's 400M - T45/46","RAUL QUILANG ANGOLUAN","Philippines","Bronze",5,1,"Athletics","Men","Singles"
"Men's 400M - T54","KONJEN  SAICHON","Thailand","Gold",5,1,"Athletics","Men","Singles"
"Men's 400M - T54","JANTHON  EKKACHAI","Thailand","Silver",5,1,"Athletics","Men","Singles"
"Men's 400M - T54","JAENAL ARIPIN","Indonesia","Bronze",5,1,"Athletics","Men","Singles"
"Men's 800M - T11/12","NGUYEN HOANG MINH","Vietnam","Gold",5,1,"Athletics","Men","Singles"
"Men's 800M - T11/12","NGUYEN VAN BINH","Vietnam","Silver",5,1,"Athletics","Men","Singles"
"Men's 800M - T11/12","SONGPHINIT SUPHACHAI","Thailand","Bronze",5,1,"Athletics","Men","Singles"
"Men's Discus Throw - F54/55","RIADI SAPUTRA","Indonesia","Gold",5,1,"Athletics","Men","Singles"
"Men's Discus Throw - F54/55","JOEL ADEGUE BALATUCAN","Philippines","Silver",5,1,"Athletics","Men","Singles"
"Men's Discus Throw - F54/55","SAHRI BIN HJ JUMAAT","Brunei Darussalam","Bronze",5,1,"Athletics","Men","Singles"
"Men's Discus Throw - F56/57","ALAN SASTRA","Indonesia","Gold",5,1,"Athletics","Men","Singles"
"Men's Discus Throw - F56/57","CAO NGOC HUNG","Vietnam","Silver",5,1,"Athletics","Men","Singles"
"Men's Discus Throw - F56/57","NGUYEN BE HAU","Vietnam","Bronze",5,1,"Athletics","Men","Singles"
"Men's Long Jump - F11/12","MOHAMAD SAIFUDDIN BIN ISHAK","Malaysia","Gold",5,1,"Athletics","Men","Singles"
"Men's Long Jump - F11/12","MUHAMAD AFIQ BIN MOHAMAD ALI HANAFIAH","Malaysia","Silver",5,1,"Athletics","Men","Singles"
"Men's Long Jump - F11/12","NGUYEN NGOC HIEP","Vietnam","Bronze",5,1,"Athletics","Men","Singles"
"Men's Shot Put - F20","MUHAMMAD ZIYAD BIN ZOLKEFLI","Malaysia","Gold",5,1,"Athletics","Men","Singles"
"Men's Shot Put - F20","MOHAMAD ALIFF BIN MOHAMAD AWI","Malaysia","Silver",5,1,"Athletics","Men","Singles"
"Men's Shot Put - F20","MOHAMMAD KHAIRIN AZHAR BIN ROSLI","Brunei Darussalam","Bronze",5,1,"Athletics","Men","Singles"
"Men's Shot Put - F44","MYO SWE","Myanmar","Gold",5,1,"Athletics","Men","Singles"
"Men's Shot Put - F44","SAN MHWE","Myanmar","Silver",5,1,"Athletics","Men","Singles"
"Men's Shot Put - F44","PHAN VAN DUNG","Vietnam","Bronze",5,1,"Athletics","Men","Singles"
"Women's 200M - T53/54","PRUDENCIA DEL MUNDO PANALIGAN","Philippines","Gold",5,1,"Athletics","Women","Singles"
"Women's 200M - T53/54","NGUYEN THI XUAN ANH","Vietnam","Silver",5,1,"Athletics","Women","Singles"
"Women's 200M - T53/54","SRITONG  CHAINET","Thailand","Bronze",5,1,"Athletics","Women","Singles"
"Women's 400M - T20","SITI NOORIASAH BINTI MOHAMAD ARIFFIN","Malaysia","Gold",5,1,"Athletics","Women","Singles"
"Women's 400M - T20","SITI NOOR RADIAH BINTI ISMAIL","Malaysia","Silver",5,1,"Athletics","Women","Singles"
"Women's 400M - T20","RICA OKTAVIA","Indonesia","Bronze",5,1,"Athletics","Women","Singles"
"Women's 400M - T45/46/47","NANDA MEI SHOLIHAH","Indonesia","Gold",5,1,"Athletics","Women","Singles"
"Women's 400M - T45/46/47","GAGUN PAGJIRAPORN","Thailand","Silver",5,1,"Athletics","Women","Singles"
"Women's 400M - T45/46/47","NANDAR LIN","Myanmar","Bronze",5,1,"Athletics","Women","Singles"
"Women's Discus Throw - F54/55","CHAITHONGRAT PUANGPET","Thailand","Gold",5,1,"Athletics","Women","Singles"
"Women's Discus Throw - F54/55","HTET HTET AYE","Myanmar","Silver",5,1,"Athletics","Women","Singles"
"Women's Discus Throw - F54/55","EKA ROSA HYBRIDA","Indonesia","Bronze",5,1,"Athletics","Women","Singles"
"Women's Discus Throw - F56/57","YUDDIANA","Indonesia","Gold",5,1,"Athletics","Women","Singles"
"Women's Discus Throw - F56/57","NGUYEN THI HAI","Vietnam","Silver",5,1,"Athletics","Women","Singles"
"Women's Discus Throw - F56/57","FAMINI","Indonesia","Bronze",5,1,"Athletics","Women","Singles"
"Women's Long Jump - F11/12","VU THI KIM THUY","Vietnam","Gold",5,1,"Athletics","Women","Singles"
"Women's Long Jump - F11/12","NGUYEN THI NHAN","Vietnam","Silver",5,1,"Athletics","Women","Singles"
"Women's Long Jump - F11/12","TANOMWONG SUNEEPORN","Thailand","Bronze",5,1,"Athletics","Women","Singles"
"Men's Doubles - SL3/4","","Vietnam","Bronze",5,1,"Badminton","Men","Team"
"Men's Doubles - SL3/4","","Malaysia","Bronze",5,1,"Badminton","Men","Team"
"Men's Doubles - SU5","","Malaysia","Bronze",5,1,"Badminton","Men","Team"
"Men's Doubles - SU5","","Indonesia","Bronze",5,1,"Badminton","Men","Team"
"Men's Doubles - WH1/2","","Thailand","Gold",5,1,"Badminton","Men","Team"
"Men's Doubles - WH1/2","","Vietnam","Silver",5,1,"Badminton","Men","Team"
"Men's Doubles - WH1/2","","Thailand","Bronze",5,1,"Badminton","Men","Team"
"Men's Singles - SL3","MUHAMMAD HUZAIRI BIN ABDUL MALEK","Malaysia","Bronze",5,1,"Badminton","Men","Singles"
"Men's Singles - SL3","DWIYOKO","Indonesia","Bronze",5,1,"Badminton","Men","Singles"
"Men's Singles - SL4","LE QUOC MANH","Vietnam","Bronze",5,1,"Badminton","Men","Singles"
"Men's Singles - SL4","FREDY SETIAWAN","Indonesia","Bronze",5,1,"Badminton","Men","Singles"
"Men's Singles - SU5","IMAM KUNANTORO","Indonesia","Bronze",5,1,"Badminton","Men","Singles"
"Men's Singles - SU5","ODDIE KURNIA DWI LISTYANTO","Indonesia","Bronze",5,1,"Badminton","Men","Singles"
"Men's Singles - WH1","CHATCHAI KORNPEKANOK","Thailand","Bronze",5,1,"Badminton","Men","Singles"
"Men's Singles - WH1","MOHD JOHARI BIN SAED","Malaysia","Bronze",5,1,"Badminton","Men","Singles"
"Men's Singles - WH2","RAHIM BIN MOHD YUSOF","Malaysia","Bronze",5,1,"Badminton","Men","Singles"
"Men's Singles - WH2","AGUS BUDI UTOMO","Indonesia","Bronze",5,1,"Badminton","Men","Singles"
"Mixed Doubles - SL3/4/SU5","","Thailand","Bronze",5,1,"Badminton","Mixed","Team"
"Mixed Doubles - SL3/4/SU5","","Indonesia","Bronze",5,1,"Badminton","Mixed","Team"
"Women's Singles - SL4","CHANIDA SRINAVAKUL","Thailand","Bronze",5,1,"Badminton","Women","Singles"
"Women's Singles - SL4","NIPADA SEANGSUPA","Thailand","Bronze",5,1,"Badminton","Women","Singles"
"Mixed Individual - BC1","WITSANU  HUADPRADIT","Thailand","Gold",5,1,"Boccia","Mixed","Singles"
"Mixed Individual - BC1","CHEW WEI LUN","Malaysia","Silver",5,1,"Boccia","Mixed","Singles"
"Mixed Individual - BC1","PATTAYA TADTONG","Thailand","Bronze",5,1,"Boccia","Mixed","Singles"
"Mixed Individual - BC2","WATCHARAPHON VONGSA","Thailand","Gold",5,1,"Boccia","Mixed","Singles"
"Mixed Individual - BC2","WORAWUT SAENGAMPA","Thailand","Silver",5,1,"Boccia","Mixed","Singles"
"Mixed Individual - BC2","MOHAMMAD SYAFIQ BIN MOHD NOH","Malaysia","Bronze",5,1,"Boccia","Mixed","Singles"
"Mixed Individual - BC3","TANIMPAT  VISARATANUNTA","Thailand","Gold",5,1,"Boccia","Mixed","Singles"
"Mixed Individual - BC3","TOH SZE NING","Singapore","Silver",5,1,"Boccia","Mixed","Singles"
"Mixed Individual - BC3","SOMBOON  CHAIPANICH","Thailand","Bronze",5,1,"Boccia","Mixed","Singles"
"Mixed Individual - BC4","CHALOEMPHON  TANBUT","Thailand","Gold",5,1,"Boccia","Mixed","Singles"
"Mixed Individual - BC4","PORNCHOK LARPYEN","Thailand","Bronze",5,1,"Boccia","Mixed","Singles"
"Men's Up to 72.00 kg","MARASRI THONGSA","Thailand","Gold",5,1,"Powerlifting","Men","Singles"
"Men's Up to 72.00 kg","MA PHUONG QUANG","Vietnam","Silver",5,1,"Powerlifting","Men","Singles"
"Men's Up to 72.00 kg","SISAVENGSOUK PHOUTTHAVONG","Lao People's Democratic Republic","Bronze",5,1,"Powerlifting","Men","Singles"
"Men's Up to 80.00 kg","PONGTAO KAMPA","Thailand","Gold",5,1,"Powerlifting","Men","Singles"
"Men's Up to 80.00 kg","MATNOH MA HUSSEIN","Malaysia","Silver",5,1,"Powerlifting","Men","Singles"
"Men's Up to 80.00 kg","ANGRIWAN","Indonesia","Bronze",5,1,"Powerlifting","Men","Singles"
"Men's Up to 88.00 kg","BOI ANTO","Indonesia","Gold",5,1,"Powerlifting","Men","Singles"
"Men's Up to 88.00 kg","THONGDEE PRASIT","Thailand","Silver",5,1,"Powerlifting","Men","Singles"
"Men's Up to 88.00 kg","NORRIN NURUL AZHAR","Malaysia","Bronze",5,1,"Powerlifting","Men","Singles"
"Women's Up to 50.00 kg","DANG THI LINH PHUONG","Vietnam","Gold",5,1,"Powerlifting","Women","Singles"
"Women's Up to 50.00 kg","KONGMUANG WANDI","Thailand","Silver",5,1,"Powerlifting","Women","Singles"
"Women's Up to 50.00 kg","ASTUTI RANI PUJI","Indonesia","Bronze",5,1,"Powerlifting","Women","Singles"
"Women's Up to 55.00 kg","CHAU HOANG TUYET LOAN","Vietnam","Gold",5,1,"Powerlifting","Women","Singles"
"2.3 Men","AL MUSTAKIM BIN MATRIN","Malaysia","Gold",5,1,"Sailing","Men","Singles"
"2.3 Men","ALSON CALLOS TUMBAGAHAN","Philippines","Silver",5,1,"Sailing","Men","Singles"
"2.3 Men","AARON PER YONG QUAN","Singapore","Bronze",5,1,"Sailing","Men","Singles"
"R4 10m Air Rifle Standing Mixed SH2","ANUSON CHAICHAMNAN","Thailand","Gold",5,1,"Shooting","Mixed","Singles"
"R4 10m Air Rifle Standing Mixed SH2","BOLO TRIYANTO","Indonesia","Silver",5,1,"Shooting","Mixed","Singles"
"R4 10m Air Rifle Standing Mixed SH2","TANONG CHANNAM","Thailand","Bronze",5,1,"Shooting","Mixed","Singles"
"Men's 100M Backstroke - S10","TANGKILISAN STEVEN SUALANG","Indonesia","Gold",5,1,"Swimming","Men","Singles"
"Men's 100M Backstroke - S10","FRAIDDEN DAWAN","Malaysia","Silver",5,1,"Swimming","Men","Singles"
"Men's 100M Backstroke - S10","PHYO KO KO","Myanmar","Bronze",5,1,"Swimming","Men","Singles"
"Men's 100M Backstroke - S11","THANONGSAK HITAKUN","Thailand","Gold",5,1,"Swimming","Men","Singles"
"Men's 100M Backstroke - S11","KRITAPHAT WITIDKASEMROT","Thailand","Silver",5,1,"Swimming","Men","Singles"
"Men's 100M Backstroke - S11","I KETUT SUMITA","Indonesia","Bronze",5,1,"Swimming","Men","Singles"
"Men's 100M Backstroke - S14","TAN ENG KIONG BENSON","Singapore","Gold",5,1,"Swimming","Men","Singles"
"Men's 100M Backstroke - S14","YOONG CHUNG WEI","Malaysia","Silver",5,1,"Swimming","Men","Singles"
"Men's 100M Backstroke - S14","TAY WEI SIANG LAWRENCE","Singapore","Bronze",5,1,"Swimming","Men","Singles"
"Men's 100M Backstroke - S6 (S1-S6)","AGUS NGAIMIN","Indonesia","Gold",5,1,"Swimming","Men","Singles"
"Men's 100M Backstroke - S6 (S1-S6)","AUNG MYINT MYAT","Myanmar","Silver",5,1,"Swimming","Men","Singles"
"Men's 100M Backstroke - S6 (S1-S6)","NAING SIT AUNG","Myanmar","Bronze",5,1,"Swimming","Men","Singles"
"Men's 100M Backstroke - S7","SURIANSYAH","Indonesia","Gold",5,1,"Swimming","Men","Singles"
"Men's 100M Backstroke - S7","CHANNI WONGNONTHAPHUM","Thailand","Silver",5,1,"Swimming","Men","Singles"
"Men's 100M Backstroke - S7","NGUYEN DUC THIEN","Vietnam","Bronze",5,1,"Swimming","Men","Singles"
"Men's 100M Backstroke - S8","TOH WEI SOONG","Singapore","Gold",5,1,"Swimming","Men","Singles"
"Men's 100M Backstroke - S8","DANG VAN CONG","Vietnam","Silver",5,1,"Swimming","Men","Singles"
"Men's 100M Backstroke - S8","PAIBUN WONGNONTHAPHUM","Thailand","Bronze",5,1,"Swimming","Men","Singles"
"Men's 100M Backstroke - S9","JENDI PANGABEAN","Indonesia","Gold",5,1,"Swimming","Men","Singles"
"Men's 100M Backstroke - S9","VO HUYNH ANH KHOA","Vietnam","Silver",5,1,"Swimming","Men","Singles"
"Men's 100M Backstroke - S9","NGUYEN HOANG NHA","Vietnam","Bronze",5,1,"Swimming","Men","Singles"
"Men's 4x100M Medley Relay - 34 points","","Myanmar","Gold",5,1,"Swimming","Men","Team"
"Men's 4x100M Medley Relay - 34 points","","Vietnam","Silver",5,1,"Swimming","Men","Team"
"Men's 50M Freestyle - S10","MUSA MANDAN KARUBABA","Indonesia","Gold",5,1,"Swimming","Men","Singles"
"Men's 50M Freestyle - S10","AUNG PHONE","Myanmar","Silver",5,1,"Swimming","Men","Singles"
"Men's 50M Freestyle - S10","TANGKILISAN STEVEN SUALANG","Indonesia","Bronze",5,1,"Swimming","Men","Singles"
"Men's 50M Freestyle - S11","PHAM ANH TU","Vietnam","Gold",5,1,"Swimming","Men","Singles"
"Men's 50M Freestyle - S11","PANOM LAGSANAPRIM","Thailand","Silver",5,1,"Swimming","Men","Singles"
"Men's 50M Freestyle - S11","THANONGSAK HITAKUN","Thailand","Bronze",5,1,"Swimming","Men","Singles"
"Men's 50M Freestyle - S12","TRAN QUOC PHI","Vietnam","Gold",5,1,"Swimming","Men","Singles"
"Men's 50M Freestyle - S12","MENASER MERIBA NUMBERI","Indonesia","Silver",5,1,"Swimming","Men","Singles"
"Men's 50M Freestyle - S12","WONG MENG EE","Singapore","Bronze",5,1,"Swimming","Men","Singles"
"Men's 50M Freestyle - S13","MARINUS MELIANUS YOWEI","Indonesia","Gold",5,1,"Swimming","Men","Singles"
"Men's 50M Freestyle - S13","SUTAT SAWATTARN","Thailand","Silver",5,1,"Swimming","Men","Singles"
"Men's 50M Freestyle - S13","CHAIPORN LAOBENG","Thailand","Bronze",5,1,"Swimming","Men","Singles"
"Men's 50M Freestyle - S14","TAN ENG KIONG BENSON","Singapore","Gold",5,1,"Swimming","Men","Singles"
"Men's 50M Freestyle - S14","YOONG CHUNG WEI","Malaysia","Silver",5,1,"Swimming","Men","Singles"
"Men's 50M Freestyle - S14","HAN LIANG CHOU","Singapore","Bronze",5,1,"Swimming","Men","Singles"
"Men's 50M Freestyle - S5 (S4-S5)","VO THANH TUNG","Vietnam","Gold",5,1,"Swimming","Men","Singles"
"Men's 50M Freestyle - S5 (S4-S5)","JAMERY ANAK SIGA","Malaysia","Silver",5,1,"Swimming","Men","Singles"
"Men's 50M Freestyle - S5 (S4-S5)","DANH HOA","Vietnam","Bronze",5,1,"Swimming","Men","Singles"
"Men's 50M Freestyle - S6","AUNG MYINT MYAT","Myanmar","Gold",5,1,"Swimming","Men","Singles"
"Men's 50M Freestyle - S6","AGUS NGAIMIN","Indonesia","Silver",5,1,"Swimming","Men","Singles"
"Men's 50M Freestyle - S6","NAING SIT AUNG","Myanmar","Bronze",5,1,"Swimming","Men","Singles"
"Men's 50M Freestyle - S7","LE TIEN DAT","Vietnam","Gold",5,1,"Swimming","Men","Singles"
"Men's 50M Freestyle - S7","KAWEEWAT SITTICHAIPHONNITI","Thailand","Silver",5,1,"Swimming","Men","Singles"
"Men's 50M Freestyle - S7","CHANNI WONGNONTHAPHUM","Thailand","Bronze",5,1,"Swimming","Men","Singles"
"Men's 50M Freestyle - S8","TOH WEI SOONG","Singapore","Gold",5,1,"Swimming","Men","Singles"
"Men's 50M Freestyle - S8","GUNTUR","Indonesia","Silver",5,1,"Swimming","Men","Singles"
"Men's 50M Freestyle - S8","NGET BO","Cambodia","Bronze",5,1,"Swimming","Men","Singles"
"Men's 50M Freestyle - S9","VO HUYNH ANH KHOA","Vietnam","Gold",5,1,"Swimming","Men","Singles"
"Men's 50M Freestyle - S9","NGUYEN HOANG NHA","Vietnam","Silver",5,1,"Swimming","Men","Singles"
"Men's 50M Freestyle - S9","AHMAD AZWARI","Indonesia","Bronze",5,1,"Swimming","Men","Singles"
"Women's 100M Backstroke - S8 (S6-S8)","JEERAWAN NAITHONG","Thailand","Gold",5,1,"Swimming","Women","Singles"
"Women's 100M Backstroke - S8 (S6-S8)","GUSMALAYANTI","Indonesia","Silver",5,1,"Swimming","Women","Singles"
"Women's 100M Backstroke - S8 (S6-S8)","WILASINI WONGNONTHAPOOM","Thailand","Bronze",5,1,"Swimming","Women","Singles"
"Women's 100M Backstroke - S9","ANCHAYA KETKEAW","Thailand","Gold",5,1,"Swimming","Women","Singles"
"Women's 100M Backstroke - S9","PIYANUCH BUAPUN","Thailand","Silver",5,1,"Swimming","Women","Singles"
"Women's 100M Backstroke - S9","SURERUT KOMKEAW","Thailand","Bronze",5,1,"Swimming","Women","Singles"
"Women's 50M Freestyle - S10","SAPIA RUMBARU","Indonesia","Gold",5,1,"Swimming","Women","Singles"
"Women's 50M Freestyle - S10","LE THI TRAM","Vietnam","Silver",5,1,"Swimming","Women","Singles"
"Women's 50M Freestyle - S10","ZIN MAR HTUN","Myanmar","Bronze",5,1,"Swimming","Women","Singles"
"Women's 50M Freestyle - S5 (S2-S5)","GOH RUI SI THERESA","Singapore","Gold",5,1,"Swimming","Women","Singles"
"Women's 50M Freestyle - S5 (S2-S5)","YIP PIN XIU","Singapore","Silver",5,1,"Swimming","Women","Singles"
"Women's 50M Freestyle - S5 (S2-S5)","NGUYEN THI DEN","Vietnam","Bronze",5,1,"Swimming","Women","Singles"
"Women's 50M Freestyle - S6","TRINH THI BICH NHU","Vietnam","Gold",5,1,"Swimming","Women","Singles"
"Women's 50M Freestyle - S6","NGUYEN THI SA RI","Vietnam","Silver",5,1,"Swimming","Women","Singles"
"Women's 50M Freestyle - S6","AW MAY SAN","Myanmar","Bronze",5,1,"Swimming","Women","Singles"
"Women's 50M Freestyle - S8 (S7-S8)","LIM CARMEN","Malaysia","Gold",5,1,"Swimming","Women","Singles"
"Women's 50M Freestyle - S8 (S7-S8)","VI THI HANG","Vietnam","Silver",5,1,"Swimming","Women","Singles"
"Women's 50M Freestyle - S8 (S7-S8)","THONGBAI CHAISAWAS","Thailand","Bronze",5,1,"Swimming","Women","Singles"
"Women's 50M Freestyle - S9","ANCHAYA KETKEAW","Thailand","Gold",5,1,"Swimming","Women","Singles"
"Women's 50M Freestyle - S9","SURERUT KOMKEAW","Thailand","Silver",5,1,"Swimming","Women","Singles"
"Women's 50M Freestyle - S9","LE THI DUNG","Vietnam","Bronze",5,1,"Swimming","Women","Singles"
"Women's Singles - Class 11","LIM JIA XUAN EVELYN","Singapore","Silver",5,1,"Table Tennis","Women","Singles"
"Men's 1500M - T12","NGUYEN HOANG MINH","Vietnam","Gold",6,1,"Athletics","Men","Singles"
"Men's 200M - T11","SONGPHINIT SUPHACHAI","Thailand","Gold",6,1,"Athletics","Men","Singles"
"Men's 200M - T11","SUNOTO","Indonesia","Silver",6,1,"Athletics","Men","Singles"
"Men's 200M - T11","JORCHUY KITSANA","Thailand","Bronze",6,1,"Athletics","Men","Singles"
"Men's 200M - T12","MUHAMAD AFIQ BIN MOHAMAD ALI HANAFIAH","Malaysia","Gold",6,1,"Athletics","Men","Singles"
"Men's 200M - T12","MOHAMAD FAIZAL AIDEAL BIN SUHAIMI","Malaysia","Silver",6,1,"Athletics","Men","Singles"
"Men's 200M - T12","CHAIYA SOMDECH","Thailand","Bronze",6,1,"Athletics","Men","Singles"
"Men's 200M - T37","SAEWANG SAKPHET","Thailand","Gold",6,1,"Athletics","Men","Singles"
"Men's 200M - T37","JACKLON BIN GANDING","Malaysia","Silver",6,1,"Athletics","Men","Singles"
"Men's 200M - T37","TAON CHAIRAT","Thailand","Bronze",6,1,"Athletics","Men","Singles"
"Men's 200M - T38","KRISHNA KUMAR HARI DAS","Malaysia","Gold",6,1,"Athletics","Men","Singles"
"Men's 200M - T38","AMIR FIRDAUSS BIN JAMALUDDIN","Malaysia","Silver",6,1,"Athletics","Men","Singles"
"Men's 200M - T38","WONGNONTHAPHUM DAMKOENG","Thailand","Bronze",6,1,"Athletics","Men","Singles"
"Men's 200M - T42","MORAPAT TAWATCHAI","Thailand","Gold",6,1,"Athletics","Men","Singles"
"Men's 200M - T42","MULYONO","Indonesia","Silver",6,1,"Athletics","Men","Singles"
"Men's 200M - T42","TINT NAING WIN","Myanmar","Bronze",6,1,"Athletics","Men","Singles"
"Men's 200M - T44","KYAW KYAW WIN","Myanmar","Gold",6,1,"Athletics","Men","Singles"
"Men's 200M - T44","RASYIDI","Indonesia","Silver",6,1,"Athletics","Men","Singles"
"Men's 200M - T44","WAGIYO","Indonesia","Bronze",6,1,"Athletics","Men","Singles"
"Men's 200M - T45/46","PHUNG DINH TU","Vietnam","Gold",6,1,"Athletics","Men","Singles"
"Men's 200M - T45/46","AHMAD SOLIHIM BIN MOHD NOR","Malaysia","Silver",6,1,"Athletics","Men","Singles"
"Men's 200M - T45/46","MAI ANH MINH","Vietnam","Bronze",6,1,"Athletics","Men","Singles"
"Men's 200M - T47","MARTHIN LOSU","Indonesia","Gold",6,1,"Athletics","Men","Singles"
"Men's 200M - T47","ARMAN PILA DINO","Philippines","Silver",6,1,"Athletics","Men","Singles"
"Men's 200M - T47","ACHMAD ZEIN","Indonesia","Bronze",6,1,"Athletics","Men","Singles"
"Men's 200M - T53","KRUNGGET  PICHET","Thailand","Gold",6,1,"Athletics","Men","Singles"
"Men's 200M - T53","CHHUN PHUN","Cambodia","Silver",6,1,"Athletics","Men","Singles"
"Men's 200M - T53","LUC THUONG HOA","Vietnam","Bronze",6,1,"Athletics","Men","Singles"
"Men's Discus Throw - F11/12","BOONSRI PHICHAI","Thailand","Gold",6,1,"Athletics","Men","Singles"
"Men's Discus Throw - F11/12","WONGNGOEN ARNON","Thailand","Silver",6,1,"Athletics","Men","Singles"
"Men's Discus Throw - F11/12","EVARISTO JOVEN CARBONEL","Philippines","Bronze",6,1,"Athletics","Men","Singles"
"Men's Discus Throw - F32/33/34","ALIHAN MUDA","Brunei Darussalam","Gold",6,1,"Athletics","Men","Singles"
"Men's Discus Throw - F32/33/34","VO VAN TUNG","Vietnam","Silver",6,1,"Athletics","Men","Singles"
"Men's Discus Throw - F32/33/34","ADDERIN BIN MAJURIN","Malaysia","Bronze",6,1,"Athletics","Men","Singles"
"Men's High Jump - F42/44","NGO XUAN DOAN","Vietnam","Gold",6,1,"Athletics","Men","Singles"
"Men's High Jump - F42/44","SOE THAN","Myanmar","Silver",6,1,"Athletics","Men","Singles"
"Men's High Jump - F42/44","ANDY  RAMIREZ AVELLANA","Philippines","Bronze",6,1,"Athletics","Men","Singles"
"Men's High Jump - F45/46/47","CHANABOON ANGKARN","Thailand","Gold",6,1,"Athletics","Men","Singles"
"Men's Long Jump - F20","ABDUL LATIF BIN ROMLY","Malaysia","Gold",6,1,"Athletics","Men","Singles"
"Men's Long Jump - F20","SUHAIRI BIN SUHANI","Singapore","Silver",6,1,"Athletics","Men","Singles"
"Men's Long Jump - F20","FADLI AMIRULLAH","Indonesia","Bronze",6,1,"Athletics","Men","Singles"
"Men's Shot Put - F56/57","NGUYEN BE HAU","Vietnam","Gold",6,1,"Athletics","Men","Singles"
"Men's Shot Put - F56/57","YIMBANCHANG SAKCHAI","Thailand","Silver",6,1,"Athletics","Men","Singles"
"Men's Shot Put - F56/57","ALAN SASTRA","Indonesia","Bronze",6,1,"Athletics","Men","Singles"
"Women's 400M - T11","WANNARUEMON KEWALIN","Thailand","Gold",6,1,"Athletics","Women","Singles"
"Women's 400M - T11","NGUYEN THI NHAN","Vietnam","Silver",6,1,"Athletics","Women","Singles"
"Women's 400M - T11","MARTA TAMBUNAN","Indonesia","Bronze",6,1,"Athletics","Women","Singles"
"Women's 400M - T12","ENANG SARI SITORUS","Indonesia","Gold",6,1,"Athletics","Women","Singles"
"Women's 400M - T12","PRAWAT SUPUNNEE","Thailand","Silver",6,1,"Athletics","Women","Singles"
"Women's 400M - T53/54","CHATYOTSAKORN  TPAT","Thailand","Gold",6,1,"Athletics","Women","Singles"
"Women's 400M - T53/54","SEKRATOK  PRANAYA","Thailand","Silver",6,1,"Athletics","Women","Singles"
"Women's 400M - T53/54","PRUDENCIA DEL MUNDO PANALIGAN","Philippines","Bronze",6,1,"Athletics","Women","Singles"
"Women's Discus Throw - F42/44","DORIAH POULUS","Malaysia","Gold",6,1,"Athletics","Women","Singles"
"Women's Discus Throw - F42/44","WARMIA MARTO SAMIDI","Indonesia","Silver",6,1,"Athletics","Women","Singles"
"Women's Discus Throw - F42/44","TRAN THI THUY HANG","Vietnam","Bronze",6,1,"Athletics","Women","Singles"
"Women's Shot Put - F54/55","CHAITHONGRAT PUANGPET","Thailand","Gold",6,1,"Athletics","Women","Singles"
"Women's Shot Put - F54/55","NGO THI LAN THANH","Vietnam","Silver",6,1,"Athletics","Women","Singles"
"Women's Shot Put - F54/55","HTET HTET AYE","Myanmar","Bronze",6,1,"Athletics","Women","Singles"
"Men's Doubles - SL3/4","","Indonesia","Gold",6,1,"Badminton","Men","Team"
"Men's Doubles - SL3/4","","Indonesia","Silver",6,1,"Badminton","Men","Team"
"Men's Doubles - SU5","","Malaysia","Gold",6,1,"Badminton","Men","Team"
"Men's Doubles - SU5","","Indonesia","Silver",6,1,"Badminton","Men","Team"
"Men's Singles - SL3","UKUN RUKAENDI","Indonesia","Gold",6,1,"Badminton","Men","Singles"
"Men's Singles - SL3","PHAM DUC TRUNG","Vietnam","Silver",6,1,"Badminton","Men","Singles"
"Men's Singles - SL4","HARY SUSANTO","Indonesia","Gold",6,1,"Badminton","Men","Singles"
"Men's Singles - SL4","BAKRI BIN OMAR","Malaysia","Silver",6,1,"Badminton","Men","Singles"
"Men's Singles - SU5","SURYO NUGROHO","Indonesia","Gold",6,1,"Badminton","Men","Singles"
"Men's Singles - SU5","CHEAH LIEK HOU","Malaysia","Silver",6,1,"Badminton","Men","Singles"
"Men's Singles - WH1","JAKARIN HOMHUAL","Thailand","Gold",6,1,"Badminton","Men","Singles"
"Men's Singles - WH1","ANUWAT SRIBORAN","Thailand","Silver",6,1,"Badminton","Men","Singles"
"Men's Singles - WH2","MADZLAN BIN SAIBON","Malaysia","Gold",6,1,"Badminton","Men","Singles"
"Men's Singles - WH2","TRUONG NGOC BINH","Vietnam","Silver",6,1,"Badminton","Men","Singles"
"Mixed Doubles - SL3/4/SU5","","Indonesia","Gold",6,1,"Badminton","Mixed","Team"
"Mixed Doubles - SL3/4/SU5","","Thailand","Silver",6,1,"Badminton","Mixed","Team"
"Women's Singles - SL4","LEANI RATRI OKTILA","Indonesia","Gold",6,1,"Badminton","Women","Singles"
"Women's Singles - SL4","KHALIMATUS SADIYAH SUKOHANDOKO","Indonesia","Silver",6,1,"Badminton","Women","Singles"
"Men's Individual Rapid - B1","AYE LWIN","Myanmar","Gold",6,1,"Chess","Men","Singles"
"Men's Individual Rapid - B1","FRANCIS BAUTISTA  CHING","Philippines","Silver",6,1,"Chess","Men","Singles"
"Men's Individual Rapid - B1","ISMAYUDDIN SIMANGUNSONG","Indonesia","Bronze",6,1,"Chess","Men","Singles"
"Men's Individual Rapid - B2/B3","MENANDRO JUNNIE  REDOR","Philippines","Gold",6,1,"Chess","Men","Singles"
"Men's Individual Rapid - B2/B3","ARMAN S SUBASTE","Philippines","Silver",6,1,"Chess","Men","Singles"
"Men's Individual Rapid - B2/B3","SUJARWO","Indonesia","Bronze",6,1,"Chess","Men","Singles"
"Men's Individual Rapid - PI","SANDER DE ERIT SEVERINO","Philippines","Gold",6,1,"Chess","Men","Singles"
"Men's Individual Rapid - PI","AZHAR PANJAITAN","Indonesia","Silver",6,1,"Chess","Men","Singles"
"Men's Individual Rapid - PI","HENRY ROGER I LOPEZ","Philippines","Bronze",6,1,"Chess","Men","Singles"
"Men's Team Rapid - B1","","Myanmar","Gold",6,1,"Chess","Men","Team"
"Men's Team Rapid - B1","","Philippines","Silver",6,1,"Chess","Men","Team"
"Men's Team Rapid - B2/B3","","Philippines","Gold",6,1,"Chess","Men","Team"
"Men's Team Rapid - B2/B3","","Indonesia","Silver",6,1,"Chess","Men","Team"
"Men's Team Rapid - B2/B3","","Malaysia","Bronze",6,1,"Chess","Men","Team"
"Men's Team Rapid - PI","","Philippines","Gold",6,1,"Chess","Men","Team"
"Men's Team Rapid - PI","","Indonesia","Silver",6,1,"Chess","Men","Team"
"Men's Team Rapid - PI","","Vietnam","Bronze",6,1,"Chess","Men","Team"
"Women's Individual Rapid - B1","WILMA MARGARETHA SINAGA","Indonesia","Gold",6,1,"Chess","Women","Singles"
"Women's Individual Rapid - B1","DEBI ARIESTA","Indonesia","Silver",6,1,"Chess","Women","Singles"
"Women's Individual Rapid - B1","TATI KARHATI","Indonesia","Bronze",6,1,"Chess","Women","Singles"
"Women's Individual Rapid - B2/B3","NGUYEN THI MINH THU","Vietnam","Gold",6,1,"Chess","Women","Singles"
"Women's Individual Rapid - B2/B3","NUR FEIQHA MAULAD MOHAMED HALIL","Malaysia","Silver",6,1,"Chess","Women","Singles"
"Women's Individual Rapid - B2/B3","AYE KHIN","Myanmar","Bronze",6,1,"Chess","Women","Singles"
"Women's Individual Rapid - PI","DOAN THU HUYEN","Vietnam","Gold",6,1,"Chess","Women","Singles"
"Women's Individual Rapid - PI","ROSLINDA BR MANURUNG","Indonesia","Silver",6,1,"Chess","Women","Singles"
"Women's Individual Rapid - PI","YUNI","Indonesia","Bronze",6,1,"Chess","Women","Singles"
"Women's Team Rapid - B1","","Indonesia","Gold",6,1,"Chess","Women","Team"
"Women's Team Rapid - B1","","Myanmar","Silver",6,1,"Chess","Women","Team"
"Women's Team Rapid - B2/B3","","Vietnam","Gold",6,1,"Chess","Women","Team"
"Women's Team Rapid - B2/B3","","Myanmar","Silver",6,1,"Chess","Women","Team"
"Women's Team Rapid - PI","","Indonesia","Gold",6,1,"Chess","Women","Team"
"Women's Team Rapid - PI","","Vietnam","Silver",6,1,"Chess","Women","Team"
"Men's Team","","Malaysia","Gold",6,1,"Football-5-A-Side","Men","Team"
"Men's Team","","Thailand","Silver",6,1,"Football-5-A-Side","Men","Team"
"Men's Team","","Vietnam","Bronze",6,1,"Football-5-A-Side","Men","Team"
"Women's Team","","Myanmar","Bronze",6,1,"Goalball","Women","Team"
"Men's Up to 107.00 kg","MOHD SAAD MOHD SHAHMIL","Malaysia","Gold",6,1,"Powerlifting","Men","Singles"
"Men's Up to 107.00 kg","PRIAMBODO ATMAJI","Indonesia","Silver",6,1,"Powerlifting","Men","Singles"
"Men's Up to 107.00 kg","JAITHON OPAS","Thailand","Bronze",6,1,"Powerlifting","Men","Singles"
"Men's Up to 97.00 kg","JONG YEE KHIE","Malaysia","Gold",6,1,"Powerlifting","Men","Singles"
"Men's Up to 97.00 kg","TONGSANG PRAKIT","Thailand","Silver",6,1,"Powerlifting","Men","Singles"
"Men's Up to 97.00 kg","R. NADESAN KALAI VANEN","Singapore","Bronze",6,1,"Powerlifting","Men","Singles"
"Women's Over 86.00 kg","ANCHETA ADELINE","Philippines","Gold",6,1,"Powerlifting","Women","Singles"
"Women's Over 86.00 kg","PANNA NETSUDA","Thailand","Silver",6,1,"Powerlifting","Women","Singles"
"Women's Over 86.00 kg","MORTADZA NORFARIZA","Malaysia","Bronze",6,1,"Powerlifting","Women","Singles"
"Women's Up to 61.00 kg","MOTNOK HAT","Thailand","Gold",6,1,"Powerlifting","Women","Singles"
"Women's Up to 61.00 kg","NGUYEN THI THANH THUY","Vietnam","Silver",6,1,"Powerlifting","Women","Singles"
"Women's Up to 61.00 kg","AHMAD BIBIANA","Malaysia","Bronze",6,1,"Powerlifting","Women","Singles"
"Women's Up to 67.00 kg","AGON SONA","Malaysia","Gold",6,1,"Powerlifting","Women","Singles"
"Women's Up to 73.00 kg","PURBA NURTANI","Indonesia","Gold",6,1,"Powerlifting","Women","Singles"
"Women's Up to 79.00 kg","MAHMUDAH SITI","Indonesia","Gold",6,1,"Powerlifting","Women","Singles"
"Women's Up to 86.00 kg","WIDIASIH NI NENGAH","Indonesia","Gold",6,1,"Powerlifting","Women","Singles"
"Women's Up to 86.00 kg","SYED AKIL SYARIFAH RAUDZHAH","Malaysia","Silver",6,1,"Powerlifting","Women","Singles"
"Women's Up to 86.00 kg","ROSLI NOORMYRA","Malaysia","Bronze",6,1,"Powerlifting","Women","Singles"
"2.3 Women","YAP QIAN YIN","Singapore","Gold",6,1,"Sailing","Women","Singles"
"2.3 Women","CHERRIE SAMONTE PINPIN","Philippines","Silver",6,1,"Sailing","Women","Singles"
"2.3 Women","CLYTIE ORENCIO BERNARDO","Philippines","Bronze",6,1,"Sailing","Women","Singles"
"303","","Singapore","Gold",6,1,"Sailing","Mixed","Team"
"303","","Malaysia","Silver",6,1,"Sailing","Mixed","Team"
"303","","Singapore","Bronze",6,1,"Sailing","Mixed","Team"
"Men's 200M Individual Medley - SM10","FRAIDDEN DAWAN","Malaysia","Gold",6,1,"Swimming","Men","Singles"
"Men's 200M Individual Medley - SM10","MUSA MANDAN KARUBABA","Indonesia","Silver",6,1,"Swimming","Men","Singles"
"Men's 200M Individual Medley - SM10","AUNG PHONE","Myanmar","Bronze",6,1,"Swimming","Men","Singles"
"Men's 200M Individual Medley - SM11","PANOM LAGSANAPRIM","Thailand","Gold",6,1,"Swimming","Men","Singles"
"Men's 200M Individual Medley - SM11","KRITAPHAT WITIDKASEMROT","Thailand","Silver",6,1,"Swimming","Men","Singles"
"Men's 200M Individual Medley - SM11","IBERAMSYAH","Indonesia","Bronze",6,1,"Swimming","Men","Singles"
"Men's 200M Individual Medley - SM14","YOONG CHUNG WEI","Malaysia","Gold",6,1,"Swimming","Men","Singles"
"Men's 200M Individual Medley - SM14","TAY WEI SIANG LAWRENCE","Singapore","Silver",6,1,"Swimming","Men","Singles"
"Men's 200M Individual Medley - SM14","HAN LIANG CHOU","Singapore","Bronze",6,1,"Swimming","Men","Singles"
"Men's 200M Individual Medley - SM6 (SM5-SM6)","NAING SIT AUNG","Myanmar","Gold",6,1,"Swimming","Men","Singles"
"Men's 200M Individual Medley - SM6 (SM5-SM6)","AUNG MYINT MYAT","Myanmar","Silver",6,1,"Swimming","Men","Singles"
"Men's 200M Individual Medley - SM6 (SM5-SM6)","DO THANH HAI","Vietnam","Bronze",6,1,"Swimming","Men","Singles"
"Men's 200M Individual Medley - SM8 (SM7-SM8)","ERNIE AGAT GAWILAN","Philippines","Gold",6,1,"Swimming","Men","Singles"
"Men's 200M Individual Medley - SM8 (SM7-SM8)","GUNTUR","Indonesia","Silver",6,1,"Swimming","Men","Singles"
"Men's 200M Individual Medley - SM8 (SM7-SM8)","JAMES WONG TIEN YU","Malaysia","Bronze",6,1,"Swimming","Men","Singles"
"Men's 200M Individual Medley - SM9","JENDI PANGABEAN","Indonesia","Gold",6,1,"Swimming","Men","Singles"
"Men's 200M Individual Medley - SM9","VO HUYNH ANH KHOA","Vietnam","Silver",6,1,"Swimming","Men","Singles"
"Men's 200M Individual Medley - SM9","NGUYEN NGOC THIET","Vietnam","Bronze",6,1,"Swimming","Men","Singles"
"Men's 50M Backstroke - S14","TAY WEI SIANG LAWRENCE","Singapore","Gold",6,1,"Swimming","Men","Singles"
"Men's 50M Backstroke - S14","HAN LIANG CHOU","Singapore","Silver",6,1,"Swimming","Men","Singles"
"Men's 50M Backstroke - S14","TING JIN PING","Malaysia","Bronze",6,1,"Swimming","Men","Singles"
"Men's 50M Backstroke - S5 (S4-S5)","VO THANH TUNG","Vietnam","Gold",6,1,"Swimming","Men","Singles"
"Men's 50M Backstroke - S5 (S4-S5)","ZUL AMIRUL SIDI BIN ABDULLAH","Malaysia","Silver",6,1,"Swimming","Men","Singles"
"Men's 50M Backstroke - S5 (S4-S5)","NGUYEN THANH TRUNG","Vietnam","Bronze",6,1,"Swimming","Men","Singles"
"Women's 200M Individual Medley - SM9 (SM5-SM9)","ANCHAYA KETKEAW","Thailand","Gold",6,1,"Swimming","Women","Singles"
"Women's 200M Individual Medley - SM9 (SM5-SM9)","PIYANUCH BUAPUN","Thailand","Silver",6,1,"Swimming","Women","Singles"
"Women's 200M Individual Medley - SM9 (SM5-SM9)","LE THI DUNG","Vietnam","Bronze",6,1,"Swimming","Women","Singles"
"Women's 50M Backstroke - S5 (S2-S5)","YIP PIN XIU","Singapore","Gold",6,1,"Swimming","Women","Singles"
"Women's 50M Backstroke - S5 (S2-S5)","NGUYEN THI DEN","Vietnam","Silver",6,1,"Swimming","Women","Singles"
"Women's 50M Backstroke - S5 (S2-S5)","GOH RUI SI THERESA","Singapore","Bronze",6,1,"Swimming","Women","Singles"
"Men's Singles - Class 1","NIPON  THEPTORANEE","Thailand","Gold",6,1,"Table Tennis","Men","Singles"
"Men's Singles - Class 1","YEO KWOK CHIAN AARON","Singapore","Silver",6,1,"Table Tennis","Men","Singles"
"Men's Singles - Class 1","LIM MIN CHIEH STANLEY","Singapore","Bronze",6,1,"Table Tennis","Men","Singles"
"Men's Singles - Class 10","DIAN DAVID MICKAEL JACOBS","Indonesia","Gold",6,1,"Table Tennis","Men","Singles"
"Men's Singles - Class 10","BUI QUY THU","Vietnam","Silver",6,1,"Table Tennis","Men","Singles"
"Men's Singles - Class 10","BUNPOT SILLAPAKONG","Thailand","Bronze",6,1,"Table Tennis","Men","Singles"
"Men's Singles - Class 10","MOHAMAD AZWAR BIN BAKAR","Malaysia","Bronze",6,1,"Table Tennis","Men","Singles"
"Men's Singles - Class 11","M FAHMI SALAM","Indonesia","Gold",6,1,"Table Tennis","Men","Singles"
"Men's Singles - Class 2","NATTHAWUT  THINATHET","Thailand","Gold",6,1,"Table Tennis","Men","Singles"
"Men's Singles - Class 2","CHEE WENG FAI JASON","Singapore","Silver",6,1,"Table Tennis","Men","Singles"
"Men's Singles - Class 2","TING CHEE KEONG ERIC","Singapore","Bronze",6,1,"Table Tennis","Men","Singles"
"Men's Singles - Class 3","ANURAK  LAOWONG","Thailand","Gold",6,1,"Table Tennis","Men","Singles"
"Men's Singles - Class 3","WITTAYA  WICHAIWATTANA","Thailand","Silver",6,1,"Table Tennis","Men","Singles"
"Men's Singles - Class 3","DARWIN LABASTIDA SALVACION","Philippines","Bronze",6,1,"Table Tennis","Men","Singles"
"Men's Singles - Class 3","YUTTAJAK  GLINBANCHEUN","Thailand","Bronze",6,1,"Table Tennis","Men","Singles"
"Men's Singles - Class 4","WANCHAI  CHAIWUT","Thailand","Gold",6,1,"Table Tennis","Men","Singles"
"Men's Singles - Class 4","VU DANG CHI","Vietnam","Silver",6,1,"Table Tennis","Men","Singles"
"Men's Singles - Class 4","SMITH BILLY ANONOY CARTERA","Philippines","Bronze",6,1,"Table Tennis","Men","Singles"
"Men's Singles - Class 4","ADYOS ASTAN","Indonesia","Bronze",6,1,"Table Tennis","Men","Singles"
"Men's Singles - Class 5","AGUS SUTANTO","Indonesia","Gold",6,1,"Table Tennis","Men","Singles"
"Men's Singles - Class 5","TATOK HARDIYANTO","Indonesia","Silver",6,1,"Table Tennis","Men","Singles"
"Men's Singles - Class 5","MAITREE  KONGRUANG","Thailand","Bronze",6,1,"Table Tennis","Men","Singles"
"Men's Singles - Class 5","JEDSADA  YODYANGDEANG","Thailand","Bronze",6,1,"Table Tennis","Men","Singles"
"Men's Singles - Class 6-7","RUNGROJ  THAINIYOM","Thailand","Gold",6,1,"Table Tennis","Men","Singles"
"Men's Singles - Class 6-7","CHALERMPONG  PUNPOO","Thailand","Silver",6,1,"Table Tennis","Men","Singles"
"Men's Singles - Class 6-7","VO QUOC HUNG","Vietnam","Bronze",6,1,"Table Tennis","Men","Singles"
"Men's Singles - Class 6-7","AJANG ZAENAL ABIDIN","Indonesia","Bronze",6,1,"Table Tennis","Men","Singles"
"Men's Singles - Class 8","MOHAMAD RIAN PRAHASTA","Indonesia","Gold",6,1,"Table Tennis","Men","Singles"
"Men's Singles - Class 8","PHAM VAN HOANG","Vietnam","Silver",6,1,"Table Tennis","Men","Singles"
"Men's Singles - Class 8","ABDUL MALIK ABDULLAH","Indonesia","Bronze",6,1,"Table Tennis","Men","Singles"
"Men's Singles - Class 8","PARINYA CHUAIGATE  KEEREERUT","Thailand","Bronze",6,1,"Table Tennis","Men","Singles"
"Men's Singles - Class 9","KOH ZHI LIANG","Malaysia","Gold",6,1,"Table Tennis","Men","Singles"
"Men's Singles - Class 9","TING ING HOCK","Malaysia","Silver",6,1,"Table Tennis","Men","Singles"
"Men's Singles - Class 9","IVAN DARMAWAN","Indonesia","Bronze",6,1,"Table Tennis","Men","Singles"
"Men's Singles - Class 9","SUPRIYATNA GUMILAR","Indonesia","Bronze",6,1,"Table Tennis","Men","Singles"
"Women's Singles - Class 10","SELLA DWI RADAYANA","Indonesia","Gold",6,1,"Table Tennis","Women","Singles"
"Women's Singles - Class 10","VIET THI KIM VAN","Vietnam","Silver",6,1,"Table Tennis","Women","Singles"
"Women's Singles - Class 10","MINNIE DE RAMOS CADAG","Philippines","Bronze",6,1,"Table Tennis","Women","Singles"
"Women's Singles - Class 10","FARAHIDATUL AKMAL BINTI ILIAS","Malaysia","Bronze",6,1,"Table Tennis","Women","Singles"
"Women's Singles - Class 11","ANA WIDYASARI","Indonesia","Gold",6,1,"Table Tennis","Women","Singles"
"Women's Singles - Class 1-2","CHILCHITPARYAK  BOOTWANSIRINA","Thailand","Gold",6,1,"Table Tennis","Women","Singles"
"Women's Singles - Class 3","DARARAT ASAYUT","Thailand","Gold",6,1,"Table Tennis","Women","Singles"
"Women's Singles - Class 3","PATTARAVADEE  WARARITDAMRONGKUL","Thailand","Silver",6,1,"Table Tennis","Women","Singles"
"Women's Singles - Class 4","WIJITTRA  JAION","Thailand","Gold",6,1,"Table Tennis","Women","Singles"
"Women's Singles - Class 4","TARSILEM","Indonesia","Silver",6,1,"Table Tennis","Women","Singles"
"Women's Singles - Class 5","JINDAPHUN PHOUNGJUI","Thailand","Gold",6,1,"Table Tennis","Women","Singles"
"Women's Singles - Class 5","CHUNG SOW FUN","Malaysia","Silver",6,1,"Table Tennis","Women","Singles"
"Women's Singles - Class 7-8","JOSEPHINE REBETA MEDINA","Philippines","Gold",6,1,"Table Tennis","Women","Singles"
"Women's Singles - Class 7-8","SUWARTI","Indonesia","Silver",6,1,"Table Tennis","Women","Singles"
"Women's Singles - Class 7-8","HAMIDA","Indonesia","Bronze",6,1,"Table Tennis","Women","Singles"
"Women's Singles - Class 7-8","KANLAYA KRIABKLANG","Thailand","Bronze",6,1,"Table Tennis","Women","Singles"
"Women's Singles - Class 9","CHAYANAN  SETTISRIKOEDKUN","Thailand","Gold",6,1,"Table Tennis","Women","Singles"
"Women's Singles - Class 9","HANA RESTI","Indonesia","Silver",6,1,"Table Tennis","Women","Singles"
"Women's Singles - Class 9","WACHIRAPORN  THEPMOYA","Thailand","Bronze",6,1,"Table Tennis","Women","Singles"
"Women's Singles - Class 9","SUSILAWATI","Indonesia","Bronze",6,1,"Table Tennis","Women","Singles"
"Men's Team 3-3","","Thailand","Gold",6,1,"Wheelchair Basketball","Men","Team"
"Men's Team 3-3","","Malaysia","Silver",6,1,"Wheelchair Basketball","Men","Team"
"Men's Team 3-3","","Philippines","Bronze",6,1,"Wheelchair Basketball","Men","Team"
"Men's 1500M - T20","MUHAMAD NURDIN BIN IBRAHIM","Malaysia","Gold",7,1,"Athletics","Men","Singles"
"Men's 1500M - T20","NASRODIN","Indonesia","Silver",7,1,"Athletics","Men","Singles"
"Men's 1500M - T20","ENDI NURDIN TINE","Indonesia","Bronze",7,1,"Athletics","Men","Singles"
"Men's 200M - T54","KONJEN  SAICHON","Thailand","Gold",7,1,"Athletics","Men","Singles"
"Men's 200M - T54","JAENAL ARIPIN","Indonesia","Silver",7,1,"Athletics","Men","Singles"
"Men's 200M - T54","JANTHON  EKKACHAI","Thailand","Bronze",7,1,"Athletics","Men","Singles"
"Men's 400M - T53","PAEYO  PONGSAKORN","Thailand","Gold",7,1,"Athletics","Men","Singles"
"Men's 400M - T53","INTASEN  SOPA","Thailand","Silver",7,1,"Athletics","Men","Singles"
"Men's 400M - T53","CHHUN PHUN","Cambodia","Bronze",7,1,"Athletics","Men","Singles"
"Men's 4x100M - T11/12/13","","Thailand","Gold",7,1,"Athletics","Men","Team"
"Men's 4x100M - T11/12/13","","Indonesia","Silver",7,1,"Athletics","Men","Team"
"Men's 4x100M - T42/43/44/45/46/47","","Indonesia","Gold",7,1,"Athletics","Men","Team"
"Men's 4x100M - T42/43/44/45/46/47","","Thailand","Silver",7,1,"Athletics","Men","Team"
"Men's 4x100M - T42/43/44/45/46/47","","Vietnam","Bronze",7,1,"Athletics","Men","Team"
"Men's Discus Throw - F35/36/37","MUHAMMAD HAFIZ BIN ABU BAKAR","Malaysia","Gold",7,1,"Athletics","Men","Singles"
"Men's Discus Throw - F35/36/37","ZAKARIA BIN SAAD","Malaysia","Silver",7,1,"Athletics","Men","Singles"
"Men's Discus Throw - F35/36/37","THOMSON LIM KOK HONG","Malaysia","Bronze",7,1,"Athletics","Men","Singles"
"Men's Shot Put - F33/34","VO VAN TUNG","Vietnam","Gold",7,1,"Athletics","Men","Singles"
"Men's Shot Put - F33/34","DAVIS MACHANG","Malaysia","Silver",7,1,"Athletics","Men","Singles"
"Men's Shot Put - F33/34","ALIHAN MUDA","Brunei Darussalam","Bronze",7,1,"Athletics","Men","Singles"
"Men's Shot Put - F53/54/55","JOEL ADEGUE BALATUCAN","Philippines","Gold",7,1,"Athletics","Men","Singles"
"Men's Shot Put - F53/54/55","RIADI SAPUTRA","Indonesia","Silver",7,1,"Athletics","Men","Singles"
"Men's Shot Put - F53/54/55","SAHRI BIN HJ JUMAAT","Brunei Darussalam","Bronze",7,1,"Athletics","Men","Singles"
"Women's 200M - T11","WANNARUEMON KEWALIN","Thailand","Gold",7,1,"Athletics","Women","Singles"
"Women's 200M - T11","RIANGRAIWILATKHEEREE SIRIRAT","Thailand","Silver",7,1,"Athletics","Women","Singles"
"Women's 200M - T11","NGUYEN THI NHAN","Vietnam","Bronze",7,1,"Athletics","Women","Singles"
"Women's 200M - T12","ENANG SARI SITORUS","Indonesia","Gold",7,1,"Athletics","Women","Singles"
"Women's 200M - T12","TANOMWONG SUNEEPORN","Thailand","Silver",7,1,"Athletics","Women","Singles"
"Women's 200M - T12","PRAWAT SUPUNNEE","Thailand","Bronze",7,1,"Athletics","Women","Singles"
"Mixed Pair - BC3","","Thailand","Gold",7,1,"Boccia","Mixed","Team"
"Mixed Pair - BC3","","Singapore","Silver",7,1,"Boccia","Mixed","Team"
"Mixed Pair - BC4","","Thailand","Gold",7,1,"Boccia","Mixed","Team"
"Mixed Team - BC1/BC2","","Thailand","Gold",7,1,"Boccia","Mixed","Team"
"Mixed Team - BC1/BC2","","Malaysia","Silver",7,1,"Boccia","Mixed","Team"
"Mixed Team - BC1/BC2","","Myanmar","Bronze",7,1,"Boccia","Mixed","Team"
"Men's Team","","Thailand","Gold",7,1,"Cerebal Palsy Football","Men","Team"
"Men's Team","","Myanmar","Silver",7,1,"Cerebal Palsy Football","Men","Team"
"Men's Team","","Singapore","Bronze",7,1,"Cerebal Palsy Football","Men","Team"
"Men's Team","","Thailand","Gold",7,1,"Goalball","Men","Team"
"Men's Team","","Malaysia","Silver",7,1,"Goalball","Men","Team"
"Men's Team","","Indonesia","Bronze",7,1,"Goalball","Men","Team"
"Women's Team","","Thailand","Gold",7,1,"Goalball","Women","Team"
"Women's Team","","Lao People's Democratic Republic","Silver",7,1,"Goalball","Women","Team"
"Men's Team","","Thailand","Gold",7,1,"Wheelchair Basketball","Men","Team"
"Men's Team","","Malaysia","Silver",7,1,"Wheelchair Basketball","Men","Team"
"Men's Team","","Philippines","Bronze",7,1,"Wheelchair Basketball","Men","Team"
